report_date,city,tavg,tmin,tmax,prcp,rhum,wspd
2023-01-01,Cork,5.2,3.5,7.7,2.8,,15.4
2023-01-01,Dublin,4.7,1.8,6.4,0.7,,10.6
2023-01-01,Limerick,4.7,1.7,7.1,4.1,,7.5
2023-01-02,Cork,4.7,2.2,8.2,2.8,,15.0
2023-01-02,Dublin,3.0,1.8,10.2,1.1,,12.0
2023-01-02,Limerick,2.5,-0.6,8.3,0.0,,12.6
2023-01-03,Cork,10.6,8.5,11.7,15.3,,32.7
2023-01-03,Dublin,10.7,0.2,13.4,0.9,,22.8
2023-01-03,Limerick,10.8,3.7,12.9,5.1,,27.3
2023-01-04,Cork,10.3,9.0,11.5,0.2,,25.2
2023-01-04,Dublin,10.8,9.7,11.7,0.5,,25.8
2023-01-04,Limerick,10.8,9.5,11.9,0.8,,29.1
2023-01-05,Cork,9.2,4.7,11.0,4.4,,24.6
2023-01-05,Dublin,9.9,8.6,12.9,3.2,,18.4
2023-01-05,Limerick,9.8,7.9,12.0,1.8,,23.0
2023-01-06,Cork,7.9,4.5,10.0,11.1,,20.6
2023-01-06,Dublin,8.2,5.7,11.7,4.0,,18.6
2023-01-06,Limerick,8.2,5.8,10.6,0.5,,19.8
2023-01-07,Cork,6.7,4.5,8.0,3.0,,27.0
2023-01-07,Dublin,7.9,5.5,9.3,1.0,,22.2
2023-01-07,Limerick,7.2,5.2,9.0,6.1,,26.1
2023-01-08,Cork,4.8,2.1,6.2,1.4,,20.8
2023-01-08,Dublin,6.2,5.3,7.6,0.9,,21.3
2023-01-08,Limerick,6.2,4.2,7.6,2.3,,24.1
2023-01-09,Cork,4.7,3.0,6.5,0.4,,23.1
2023-01-09,Dublin,5.4,3.8,12.4,5.8,,23.9
2023-01-09,Limerick,6.5,5.7,7.8,2.8,,24.6
2023-01-10,Cork,9.1,5.2,11.6,18.2,,35.6
2023-01-10,Dublin,9.3,3.9,13.8,2.9,,26.2
2023-01-10,Limerick,9.3,5.5,13.1,21.1,,26.9
2023-01-11,Cork,7.6,4.5,11.1,17.1,,33.3
2023-01-11,Dublin,6.8,5.6,11.9,5.9,,24.0
2023-01-11,Limerick,8.1,6.5,11.5,13.0,,36.0
2023-01-12,Cork,8.0,5.7,11.1,7.0,,35.1
2023-01-12,Dublin,9.1,5.6,10.0,3.2,,30.6
2023-01-12,Limerick,9.0,6.5,10.6,10.9,,41.7
2023-01-13,Cork,7.0,4.7,10.0,9.0,,23.7
2023-01-13,Dublin,7.2,5.7,9.8,6.9,,27.0
2023-01-13,Limerick,8.1,6.0,9.1,4.1,,22.4
2023-01-14,Cork,5.1,1.6,10.0,5.3,,24.0
2023-01-14,Dublin,5.8,5.4,7.0,2.5,,24.6
2023-01-14,Limerick,5.8,2.6,9.0,11.9,,24.3
2023-01-15,Cork,3.7,2.1,6.5,0.9,,19.5
2023-01-15,Dublin,3.6,2.2,5.4,0.1,,18.6
2023-01-15,Limerick,4.8,1.0,7.5,5.1,,16.7
2023-01-16,Cork,1.5,0.0,3.0,0.5,,14.0
2023-01-16,Dublin,0.3,-1.7,2.6,0.0,,16.4
2023-01-16,Limerick,1.2,-0.8,3.7,0.0,,6.3
2023-01-17,Cork,-0.0,-2.2,3.1,0.0,,17.1
2023-01-17,Dublin,-1.2,-3.9,2.0,0.0,,21.0
2023-01-17,Limerick,-0.1,-3.3,4.2,0.0,,10.6
2023-01-18,Cork,1.9,0.0,5.0,0.0,,21.8
2023-01-18,Dublin,1.2,-3.6,4.0,0.0,,25.8
2023-01-18,Limerick,3.1,0.6,6.0,2.0,,12.8
2023-01-19,Cork,2.3,0.5,5.5,1.1,,8.7
2023-01-19,Dublin,0.9,-1.3,4.0,0.0,,15.5
2023-01-19,Limerick,1.8,-1.1,5.6,0.0,,5.7
2023-01-20,Cork,4.9,1.2,7.5,1.8,,12.9
2023-01-20,Dublin,2.0,-3.4,8.0,0.0,,11.4
2023-01-20,Limerick,3.8,-0.9,6.9,0.8,,14.7
2023-01-21,Cork,8.4,7.5,9.0,2.3,,20.1
2023-01-21,Dublin,6.7,-3.0,9.6,0.1,,16.7
2023-01-21,Limerick,8.9,6.0,10.9,0.0,,16.5
2023-01-22,Cork,9.0,8.6,9.5,1.8,,16.7
2023-01-22,Dublin,9.2,5.9,11.5,0.1,,10.8
2023-01-22,Limerick,10.2,8.4,11.7,1.0,,12.0
2023-01-23,Cork,6.8,5.0,8.5,0.0,,5.2
2023-01-23,Dublin,9.4,7.8,12.2,0.4,,6.9
2023-01-23,Limerick,7.6,5.3,8.9,0.3,,8.2
2023-01-24,Cork,7.6,6.2,9.0,0.3,,7.5
2023-01-24,Dublin,8.8,4.7,11.5,0.5,,10.6
2023-01-24,Limerick,7.8,6.4,9.3,0.3,,8.4
2023-01-25,Cork,7.6,4.2,10.2,0.1,,14.0
2023-01-25,Dublin,7.7,5.0,10.1,0.5,,17.0
2023-01-25,Limerick,7.9,3.4,9.9,0.5,,11.7
2023-01-26,Cork,5.1,3.2,7.0,0.0,,14.7
2023-01-26,Dublin,5.1,2.2,8.2,0.0,,15.6
2023-01-26,Limerick,5.9,3.2,8.3,0.0,,9.9
2023-01-27,Cork,4.2,2.5,6.1,0.0,,10.7
2023-01-27,Dublin,3.2,1.5,7.5,0.0,,9.8
2023-01-27,Limerick,5.4,2.8,7.3,0.0,,5.1
2023-01-28,Cork,6.0,2.8,9.2,0.0,,9.1
2023-01-28,Dublin,5.1,0.5,7.3,0.6,,12.5
2023-01-28,Limerick,5.0,2.2,7.7,0.3,,7.9
2023-01-29,Cork,7.2,3.7,10.7,0.0,,13.7
2023-01-29,Dublin,6.7,4.2,10.2,0.2,,19.2
2023-01-29,Limerick,7.6,3.7,11.0,0.3,,17.4
2023-01-30,Cork,7.0,5.6,8.8,0.0,,15.2
2023-01-30,Dublin,6.6,3.8,8.9,0.2,,18.4
2023-01-30,Limerick,8.1,6.9,9.3,0.3,,14.1
2023-01-31,Cork,7.6,6.2,9.5,0.0,,20.0
2023-01-31,Dublin,7.3,5.3,8.9,0.0,,28.6
2023-01-31,Limerick,8.4,7.1,9.7,0.8,,23.0
2023-02-01,Cork,6.7,4.0,9.4,0.0,,18.3
2023-02-01,Dublin,7.8,5.7,10.3,0.1,,23.9
2023-02-01,Limerick,8.8,7.0,9.7,0.5,,24.0
2023-02-02,Cork,9.0,8.0,10.5,0.0,,21.4
2023-02-02,Dublin,9.5,7.3,10.5,0.2,,22.7
2023-02-02,Limerick,9.7,8.1,10.7,0.5,,24.2
2023-02-03,Cork,8.6,7.7,9.8,0.2,,18.8
2023-02-03,Dublin,10.1,9.0,12.3,0.0,,17.5
2023-02-03,Limerick,10.1,8.5,11.6,0.0,,15.4
2023-02-04,Cork,8.1,4.1,11.2,0.3,,17.9
2023-02-04,Dublin,7.8,7.2,11.5,1.0,,15.9
2023-02-04,Limerick,7.9,1.5,11.0,1.0,,13.9
2023-02-05,Cork,5.3,1.5,8.2,0.0,,13.0
2023-02-05,Dublin,2.0,-2.4,9.4,0.0,,8.3
2023-02-05,Limerick,4.1,-0.6,9.1,0.0,,12.3
2023-02-06,Cork,7.6,6.1,9.1,0.4,,15.5
2023-02-06,Dublin,4.9,-1.2,10.4,0.0,,10.6
2023-02-06,Limerick,8.5,6.0,10.1,0.0,,20.2
2023-02-07,Cork,6.2,4.0,9.0,0.0,,8.2
2023-02-07,Dublin,7.5,3.6,10.5,0.0,,10.0
2023-02-07,Limerick,8.3,6.3,11.5,0.0,,9.0
2023-02-08,Cork,6.2,3.1,8.2,0.6,,18.0
2023-02-08,Dublin,6.5,2.4,9.9,0.4,,15.8
2023-02-08,Limerick,7.2,4.6,9.9,0.0,,17.2
2023-02-09,Cork,4.2,2.0,7.7,0.0,,12.0
2023-02-09,Dublin,4.6,1.1,9.0,0.0,,14.6
2023-02-09,Limerick,5.2,2.3,8.5,2.0,,9.5
2023-02-10,Cork,7.4,3.1,10.1,0.0,,12.3
2023-02-10,Dublin,8.1,2.6,12.0,0.1,,18.8
2023-02-10,Limerick,8.3,3.7,10.2,0.5,,13.8
2023-02-11,Cork,7.9,7.0,9.0,0.0,,11.4
2023-02-11,Dublin,8.8,7.8,11.2,0.0,,9.2
2023-02-11,Limerick,8.7,8.0,9.9,0.0,,12.2
2023-02-12,Cork,7.9,7.5,8.7,0.0,,21.5
2023-02-12,Dublin,8.2,7.4,11.5,0.0,,14.7
2023-02-12,Limerick,8.7,7.6,10.2,0.0,,16.2
2023-02-13,Cork,8.2,7.0,9.5,0.0,,23.5
2023-02-13,Dublin,7.2,0.5,12.4,0.0,,17.7
2023-02-13,Limerick,9.4,7.5,12.1,0.0,,23.6
2023-02-14,Cork,9.8,8.7,11.0,2.7,,27.1
2023-02-14,Dublin,9.8,1.7,15.9,2.6,,19.0
2023-02-14,Limerick,11.3,8.5,14.1,0.0,,26.2
2023-02-15,Cork,8.1,5.0,10.1,10.0,,22.2
2023-02-15,Dublin,8.5,5.5,10.5,3.2,,16.8
2023-02-15,Limerick,8.7,5.7,11.4,6.6,,20.4
2023-02-16,Cork,10.6,8.1,12.5,0.0,,18.4
2023-02-16,Dublin,10.3,6.0,13.4,0.2,,19.0
2023-02-16,Limerick,10.2,7.6,12.6,2.3,,21.3
2023-02-17,Cork,11.2,10.0,12.7,0.0,,25.3
2023-02-17,Dublin,11.4,8.9,13.3,1.1,,23.4
2023-02-17,Limerick,11.3,10.8,11.9,2.5,,24.6
2023-02-18,Cork,10.3,7.7,12.0,0.0,,22.5
2023-02-18,Dublin,10.3,9.8,11.9,0.1,,27.4
2023-02-18,Limerick,10.6,8.4,11.7,2.8,,27.2
2023-02-19,Cork,8.3,4.5,11.2,0.0,,17.6
2023-02-19,Dublin,9.5,7.2,12.3,0.0,,20.1
2023-02-19,Limerick,9.8,8.0,12.0,0.0,,17.6
2023-02-20,Cork,9.6,8.1,12.2,0.2,,20.2
2023-02-20,Dublin,10.6,8.1,12.7,0.0,,20.4
2023-02-20,Limerick,10.8,9.3,12.3,0.0,,18.9
2023-02-21,Cork,8.1,6.2,9.2,1.0,,19.4
2023-02-21,Dublin,9.7,6.7,12.7,2.0,,14.8
2023-02-21,Limerick,9.9,6.4,13.4,1.0,,17.6
2023-02-22,Cork,4.2,2.0,6.2,0.0,,29.0
2023-02-22,Dublin,5.2,3.4,8.2,0.3,,26.2
2023-02-22,Limerick,5.1,1.9,7.6,1.5,,20.0
2023-02-23,Cork,5.0,2.1,8.6,0.0,,20.0
2023-02-23,Dublin,4.3,-0.1,9.5,0.0,,16.5
2023-02-23,Limerick,5.6,1.0,10.0,0.0,,10.0
2023-02-24,Cork,7.2,5.2,9.2,0.0,,18.9
2023-02-24,Dublin,6.9,1.9,11.1,0.0,,18.6
2023-02-24,Limerick,8.2,6.2,10.4,0.0,,14.4
2023-02-25,Cork,4.8,2.0,7.0,0.0,,20.6
2023-02-25,Dublin,4.7,1.1,7.2,0.0,,17.8
2023-02-25,Limerick,4.6,0.8,8.6,0.0,,10.8
2023-02-26,Cork,5.4,4.5,7.0,0.0,,20.4
2023-02-26,Dublin,5.7,5.2,8.9,0.0,,19.8
2023-02-26,Limerick,5.4,1.8,8.7,0.0,,14.2
2023-02-27,Cork,5.3,3.7,6.2,0.0,,16.3
2023-02-27,Dublin,5.9,5.3,7.9,0.9,,17.0
2023-02-27,Limerick,4.9,0.8,7.8,0.0,,14.4
2023-02-28,Cork,5.6,4.2,8.1,0.0,,16.7
2023-02-28,Dublin,5.7,4.1,7.4,0.0,,16.3
2023-02-28,Limerick,5.9,4.2,8.6,0.0,,11.8
2023-03-01,Cork,5.5,4.5,6.7,0.0,,17.7
2023-03-01,Dublin,6.3,5.3,8.8,0.7,,22.5
2023-03-01,Limerick,6.1,3.9,8.2,0.0,,15.8
2023-03-02,Cork,5.4,3.5,7.5,0.0,,14.3
2023-03-02,Dublin,5.8,4.8,8.0,0.9,,15.0
2023-03-02,Limerick,6.6,5.1,8.4,0.0,,13.2
2023-03-03,Cork,5.2,4.0,6.0,0.0,,10.5
2023-03-03,Dublin,5.2,4.7,7.4,0.2,,11.0
2023-03-03,Limerick,6.5,5.1,8.1,0.0,,9.0
2023-03-04,Cork,4.3,3.5,5.1,0.0,,10.8
2023-03-04,Dublin,3.9,4.1,5.7,0.0,,11.2
2023-03-04,Limerick,5.3,4.2,5.8,0.0,,8.1
2023-03-05,Cork,4.2,2.2,6.7,0.0,,12.2
2023-03-05,Dublin,5.2,2.7,10.3,0.0,,17.0
2023-03-05,Limerick,5.6,2.8,8.3,0.0,,10.2
2023-03-06,Cork,5.9,4.2,9.0,0.4,,17.6
2023-03-06,Dublin,4.6,3.8,7.7,6.5,,16.0
2023-03-06,Limerick,7.2,3.6,9.3,1.0,,16.2
2023-03-07,Cork,2.8,1.0,5.1,2.0,,18.8
2023-03-07,Dublin,0.9,-1.5,6.9,0.0,,11.8
2023-03-07,Limerick,3.0,0.7,6.1,2.0,,13.2
2023-03-08,Cork,1.2,0.4,2.2,11.9,,26.6
2023-03-08,Dublin,2.8,-1.3,5.5,5.8,,27.0
2023-03-08,Limerick,3.7,2.0,5.8,0.0,,19.3
2023-03-09,Cork,4.7,1.0,10.0,16.8,,28.6
2023-03-09,Dublin,2.2,2.0,3.7,32.6,,31.8
2023-03-09,Limerick,2.1,0.5,3.4,17.0,,26.2
2023-03-10,Cork,2.1,0.2,4.0,2.7,,21.4
2023-03-10,Dublin,1.1,-0.1,7.5,0.9,,16.5
2023-03-10,Limerick,2.7,-0.7,5.9,4.1,,13.8
2023-03-11,Cork,7.9,3.1,13.0,5.0,,21.8
2023-03-11,Dublin,3.9,-1.5,10.0,8.5,,17.2
2023-03-11,Limerick,6.9,1.0,12.2,13.0,,23.4
2023-03-12,Cork,9.3,6.7,11.0,9.9,,23.6
2023-03-12,Dublin,10.1,3.5,13.4,5.1,,19.7
2023-03-12,Limerick,10.3,7.0,13.3,2.0,,16.8
2023-03-13,Cork,8.8,3.7,12.0,13.3,,34.9
2023-03-13,Dublin,9.4,9.2,15.2,6.8,,23.9
2023-03-13,Limerick,9.3,4.6,12.6,7.9,,23.4
2023-03-14,Cork,4.8,1.2,8.6,0.1,,20.7
2023-03-14,Dublin,2.7,0.2,7.3,1.3,,19.0
2023-03-14,Limerick,4.7,1.3,8.0,2.8,,17.6
2023-03-15,Cork,7.8,2.5,10.0,28.8,,22.5
2023-03-15,Dublin,5.1,-1.0,12.1,6.8,,13.4
2023-03-15,Limerick,7.8,1.5,12.0,7.1,,18.6
2023-03-16,Cork,10.2,9.5,11.5,9.4,,27.8
2023-03-16,Dublin,11.8,3.7,15.2,0.0,,20.4
2023-03-16,Limerick,12.3,9.3,15.7,4.1,,19.7
2023-03-17,Cork,9.9,9.5,11.0,11.0,,20.6
2023-03-17,Dublin,9.7,7.3,13.8,0.8,,14.0
2023-03-17,Limerick,11.6,9.6,14.6,2.5,,16.2
2023-03-18,Cork,8.3,4.1,10.5,0.1,,21.3
2023-03-18,Dublin,8.4,6.4,11.6,1.1,,17.7
2023-03-18,Limerick,8.8,4.6,11.4,0.8,,16.8
2023-03-19,Cork,6.5,2.5,10.0,1.0,,15.2
2023-03-19,Dublin,5.9,1.9,11.9,3.3,,16.0
2023-03-19,Limerick,6.5,1.7,11.4,4.1,,12.8
2023-03-20,Cork,10.1,9.6,11.0,10.8,,24.5
2023-03-20,Dublin,12.0,6.4,16.0,0.3,,16.7
2023-03-20,Limerick,11.8,9.9,14.4,2.8,,17.2
2023-03-21,Cork,9.4,7.7,10.7,25.1,,31.5
2023-03-21,Dublin,10.7,9.5,13.8,2.9,,21.2
2023-03-21,Limerick,10.4,8.9,11.8,5.3,,23.6
2023-03-22,Cork,7.3,5.1,9.7,7.3,,27.6
2023-03-22,Dublin,9.1,6.3,13.5,2.0,,26.8
2023-03-22,Limerick,8.2,6.4,11.1,10.9,,26.9
2023-03-23,Cork,8.0,5.5,11.2,12.1,,33.6
2023-03-23,Dublin,8.8,6.4,14.1,2.1,,24.6
2023-03-23,Limerick,8.6,6.2,12.6,7.1,,26.4
2023-03-24,Cork,7.9,5.7,10.6,0.9,,33.9
2023-03-24,Dublin,8.9,6.6,13.5,0.8,,26.8
2023-03-24,Limerick,8.6,6.7,11.5,6.1,,33.0
2023-03-25,Cork,8.0,5.2,11.5,9.8,,22.4
2023-03-25,Dublin,8.4,6.3,12.8,0.9,,19.3
2023-03-25,Limerick,10.1,7.8,13.8,2.0,,18.2
2023-03-26,Cork,8.3,6.0,11.7,1.0,,21.1
2023-03-26,Dublin,6.8,5.7,10.1,0.3,,16.0
2023-03-26,Limerick,8.6,5.6,12.7,0.0,,11.0
2023-03-27,Cork,8.0,6.5,10.0,1.4,,19.5
2023-03-27,Dublin,4.0,-1.6,10.7,1.3,,14.1
2023-03-27,Limerick,8.5,3.7,12.9,0.0,,17.6
2023-03-28,Cork,9.9,7.0,13.0,12.8,,25.8
2023-03-28,Dublin,10.5,5.9,15.7,0.8,,15.2
2023-03-28,Limerick,11.4,7.8,15.5,4.6,,21.0
2023-03-29,Cork,10.6,8.5,12.5,13.1,,27.9
2023-03-29,Dublin,11.9,10.7,17.1,6.1,,20.1
2023-03-29,Limerick,12.2,10.3,15.5,1.0,,24.0
2023-03-30,Cork,10.0,9.0,12.4,9.5,,28.2
2023-03-30,Dublin,11.0,7.9,16.7,5.5,,17.0
2023-03-30,Limerick,11.0,7.9,15.3,1.8,,19.5
2023-03-31,Cork,9.8,7.2,12.2,5.9,,25.2
2023-03-31,Dublin,9.6,8.9,12.0,24.8,,16.5
2023-03-31,Limerick,9.9,9.0,11.9,6.1,,20.1
2023-04-01,Cork,8.6,6.0,11.7,0.0,,26.0
2023-04-01,Dublin,8.9,8.5,12.1,2.7,,16.0
2023-04-01,Limerick,9.7,6.2,12.0,0.5,,19.4
2023-04-02,Cork,7.0,3.6,10.7,0.1,,16.0
2023-04-02,Dublin,8.1,6.7,12.1,0.0,,14.1
2023-04-02,Limerick,7.7,1.5,13.4,0.3,,11.8
2023-04-03,Cork,8.2,6.2,10.0,1.3,,24.8
2023-04-03,Dublin,8.0,4.4,12.5,0.1,,16.0
2023-04-03,Limerick,9.7,7.3,11.9,0.0,,22.7
2023-04-04,Cork,8.6,7.5,10.5,2.5,,20.6
2023-04-04,Dublin,9.2,4.5,14.4,2.1,,13.6
2023-04-04,Limerick,10.1,8.1,13.5,4.1,,22.2
2023-04-05,Cork,10.8,9.0,14.1,4.3,,18.2
2023-04-05,Dublin,11.6,9.4,15.2,1.1,,14.6
2023-04-05,Limerick,11.1,9.0,13.0,5.1,,15.3
2023-04-06,Cork,8.8,5.5,12.6,0.0,,14.2
2023-04-06,Dublin,8.4,6.8,14.0,0.0,,17.1
2023-04-06,Limerick,8.8,5.6,12.3,3.0,,12.2
2023-04-07,Cork,7.5,3.5,10.7,0.0,,17.1
2023-04-07,Dublin,7.2,1.4,14.0,0.0,,12.5
2023-04-07,Limerick,8.9,4.6,13.8,0.0,,18.8
2023-04-08,Cork,9.1,7.0,11.2,0.2,,24.9
2023-04-08,Dublin,9.3,3.7,15.0,0.0,,15.4
2023-04-08,Limerick,10.8,7.8,13.5,0.0,,21.4
2023-04-09,Cork,9.7,8.5,11.2,4.7,,27.8
2023-04-09,Dublin,10.4,8.8,13.2,3.3,,24.0
2023-04-09,Limerick,11.2,9.1,14.0,1.0,,26.2
2023-04-10,Cork,7.9,5.2,10.5,4.5,,24.3
2023-04-10,Dublin,8.1,7.3,11.4,1.3,,20.8
2023-04-10,Limerick,8.8,6.8,11.4,6.1,,24.6
2023-04-11,Cork,6.1,2.0,9.0,12.5,,24.2
2023-04-11,Dublin,6.4,4.7,10.8,7.2,,19.8
2023-04-11,Limerick,6.9,4.7,10.2,12.7,,22.6
2023-04-12,Cork,5.5,2.0,9.5,6.0,,40.6
2023-04-12,Dublin,4.9,2.4,8.8,4.5,,27.8
2023-04-12,Limerick,6.4,2.9,10.2,9.9,,35.6
2023-04-13,Cork,6.4,2.5,10.6,0.8,,14.0
2023-04-13,Dublin,6.9,3.2,13.3,0.0,,23.7
2023-04-13,Limerick,7.8,4.1,11.4,0.8,,14.7
2023-04-14,Cork,8.1,5.1,12.5,2.5,,17.8
2023-04-14,Dublin,6.4,1.1,13.9,0.0,,13.6
2023-04-14,Limerick,7.8,2.4,12.6,0.0,,14.2
2023-04-15,Cork,7.8,4.0,9.7,0.8,,14.4
2023-04-15,Dublin,7.8,2.3,13.8,6.0,,12.8
2023-04-15,Limerick,8.3,3.7,11.2,0.3,,17.6
2023-04-16,Cork,10.8,10.0,12.1,1.2,,12.6
2023-04-16,Dublin,11.6,8.0,18.9,0.0,,8.4
2023-04-16,Limerick,14.3,10.0,19.6,0.0,,15.9
2023-04-17,Cork,10.2,9.0,12.5,0.3,,17.8
2023-04-17,Dublin,10.9,7.9,17.9,0.0,,12.1
2023-04-17,Limerick,12.4,9.3,14.7,0.0,,17.2
2023-04-18,Cork,10.0,8.1,12.5,0.0,,20.1
2023-04-18,Dublin,10.1,9.6,12.5,0.0,,17.8
2023-04-18,Limerick,12.6,7.7,18.1,0.0,,14.4
2023-04-19,Cork,9.0,6.0,11.5,1.2,,23.0
2023-04-19,Dublin,9.3,7.7,12.2,0.0,,30.8
2023-04-19,Limerick,10.3,4.8,15.0,0.0,,17.1
2023-04-20,Cork,9.1,6.5,10.7,3.5,,28.6
2023-04-20,Dublin,9.3,7.1,12.8,0.0,,29.0
2023-04-20,Limerick,11.8,7.4,15.8,0.0,,19.7
2023-04-21,Cork,7.7,6.1,10.1,0.4,,18.8
2023-04-21,Dublin,9.7,8.2,15.2,0.0,,28.8
2023-04-21,Limerick,10.1,4.2,15.5,0.0,,17.1
2023-04-22,Cork,7.6,4.5,11.2,3.6,,10.4
2023-04-22,Dublin,7.6,8.4,9.8,8.8,,12.8
2023-04-22,Limerick,8.0,6.2,9.6,8.1,,8.5
2023-04-23,Cork,8.9,5.9,13.2,0.5,,18.2
2023-04-23,Dublin,7.7,5.0,12.6,10.3,,9.8
2023-04-23,Limerick,9.6,6.7,13.7,0.5,,11.7
2023-04-24,Cork,7.1,5.2,8.7,0.0,,18.0
2023-04-24,Dublin,5.8,5.7,9.1,0.9,,15.0
2023-04-24,Limerick,7.8,4.6,11.3,0.5,,16.2
2023-04-25,Cork,6.5,2.5,9.7,1.8,,20.3
2023-04-25,Dublin,6.1,0.5,11.6,0.0,,12.2
2023-04-25,Limerick,6.8,-0.2,12.0,0.0,,12.2
2023-04-26,Cork,8.0,6.0,9.2,0.0,,18.9
2023-04-26,Dublin,9.1,5.7,13.4,0.0,,12.8
2023-04-26,Limerick,10.4,7.6,13.3,0.0,,18.4
2023-04-27,Cork,9.9,8.7,11.7,6.7,,15.9
2023-04-27,Dublin,9.8,9.0,12.9,0.4,,15.8
2023-04-27,Limerick,11.8,9.3,14.8,0.0,,15.4
2023-04-28,Cork,12.0,9.0,15.2,1.0,,11.1
2023-04-28,Dublin,12.1,9.9,17.3,1.3,,8.8
2023-04-28,Limerick,13.4,10.9,17.5,2.3,,10.2
2023-04-29,Cork,11.2,10.5,12.0,1.3,,11.0
2023-04-29,Dublin,12.8,6.9,18.3,9.4,,8.4
2023-04-29,Limerick,14.1,12.0,17.5,1.8,,13.8
2023-04-30,Cork,13.1,10.3,17.5,0.3,,15.0
2023-04-30,Dublin,12.7,11.0,18.1,9.3,,14.6
2023-04-30,Limerick,12.7,10.4,15.5,1.5,,17.8
2023-05-01,Cork,11.6,8.5,15.2,0.0,,12.2
2023-05-01,Dublin,12.2,10.4,17.9,0.1,,14.4
2023-05-01,Limerick,12.3,10.6,15.6,0.0,,10.6
2023-05-02,Cork,10.4,7.7,13.5,0.1,,14.8
2023-05-02,Dublin,11.9,7.5,18.5,0.0,,14.4
2023-05-02,Limerick,12.9,9.4,16.3,0.0,,15.9
2023-05-03,Cork,11.7,10.1,13.7,0.0,,26.2
2023-05-03,Dublin,11.7,10.0,16.6,0.0,,15.5
2023-05-03,Limerick,13.9,11.0,16.9,0.0,,19.7
2023-05-04,Cork,10.0,9.5,11.2,16.9,,23.5
2023-05-04,Dublin,10.6,9.5,15.8,6.3,,22.3
2023-05-04,Limerick,12.4,10.9,14.5,4.1,,17.7
2023-05-05,Cork,11.8,9.6,14.7,4.6,,17.1
2023-05-05,Dublin,13.6,10.9,19.7,0.0,,15.6
2023-05-05,Limerick,13.0,10.2,15.9,26.9,,13.2
2023-05-06,Cork,12.6,10.0,15.6,0.6,,14.1
2023-05-06,Dublin,12.0,8.6,17.3,0.0,,9.5
2023-05-06,Limerick,13.9,11.0,17.7,2.0,,12.2
2023-05-07,Cork,11.8,9.5,14.0,6.9,,18.0
2023-05-07,Dublin,14.2,8.3,19.3,5.6,,11.0
2023-05-07,Limerick,13.3,8.8,16.1,3.0,,17.7
2023-05-08,Cork,13.7,11.0,16.0,4.1,,18.6
2023-05-08,Dublin,15.1,13.5,20.2,5.0,,13.1
2023-05-08,Limerick,14.3,11.4,16.7,5.6,,14.7
2023-05-09,Cork,11.9,9.5,15.5,4.1,,15.9
2023-05-09,Dublin,12.6,8.5,17.5,1.9,,13.5
2023-05-09,Limerick,12.5,9.8,15.5,0.0,,19.4
2023-05-10,Cork,11.1,8.7,13.5,0.1,,19.5
2023-05-10,Dublin,11.8,9.1,16.5,2.4,,18.8
2023-05-10,Limerick,11.6,9.9,13.4,5.1,,27.9
2023-05-11,Cork,11.4,8.2,14.5,2.2,,25.2
2023-05-11,Dublin,11.0,8.8,14.9,6.0,,15.0
2023-05-11,Limerick,12.2,9.6,14.9,4.1,,22.8
2023-05-12,Cork,12.8,8.7,17.7,0.0,,15.9
2023-05-12,Dublin,10.5,5.6,16.4,0.0,,13.5
2023-05-12,Limerick,13.2,7.6,18.9,0.0,,12.2
2023-05-13,Cork,13.3,9.0,17.5,0.0,,12.5
2023-05-13,Dublin,10.4,5.8,16.8,0.1,,9.3
2023-05-13,Limerick,13.4,7.7,20.3,0.0,,9.5
2023-05-14,Cork,11.0,7.7,14.2,1.0,,21.4
2023-05-14,Dublin,11.7,9.2,16.7,0.3,,15.0
2023-05-14,Limerick,11.7,8.2,14.0,2.3,,18.3
2023-05-15,Cork,10.0,5.7,14.5,0.0,,17.0
2023-05-15,Dublin,9.1,3.7,15.8,0.0,,15.2
2023-05-15,Limerick,10.5,5.0,14.3,0.0,,13.1
2023-05-16,Cork,10.6,5.5,15.6,0.0,,14.4
2023-05-16,Dublin,10.0,3.9,18.8,0.0,,14.2
2023-05-16,Limerick,10.9,4.6,16.8,0.0,,9.2
2023-05-17,Cork,12.1,8.2,16.6,0.0,,14.1
2023-05-17,Dublin,12.2,6.1,20.1,0.0,,12.2
2023-05-17,Limerick,11.6,6.4,16.1,0.0,,10.0
2023-05-18,Cork,11.8,7.7,16.0,0.0,,12.3
2023-05-18,Dublin,12.8,9.4,18.5,0.1,,13.8
2023-05-18,Limerick,11.8,8.6,16.0,0.3,,13.2
2023-05-19,Cork,12.2,8.5,16.2,0.0,,20.4
2023-05-19,Dublin,12.4,8.6,17.1,0.0,,13.2
2023-05-19,Limerick,12.1,6.5,16.7,0.0,,9.7
2023-05-20,Cork,13.5,11.0,16.5,1.9,,11.9
2023-05-20,Dublin,12.8,11.2,16.0,0.0,,6.9
2023-05-20,Limerick,14.3,11.9,18.8,0.5,,7.5
2023-05-21,Cork,14.2,12.0,17.0,3.1,,12.0
2023-05-21,Dublin,12.7,9.7,17.8,0.0,,9.6
2023-05-21,Limerick,14.6,12.4,17.1,3.3,,10.8
2023-05-22,Cork,13.5,10.1,16.7,1.3,,21.8
2023-05-22,Dublin,12.3,10.3,17.2,0.0,,16.7
2023-05-22,Limerick,13.1,9.5,17.1,0.0,,17.1
2023-05-23,Cork,12.0,7.7,17.0,0.0,,19.5
2023-05-23,Dublin,11.9,7.5,19.3,0.0,,15.2
2023-05-23,Limerick,11.9,7.5,16.5,0.0,,12.9
2023-05-24,Cork,13.1,8.5,17.1,0.0,,20.5
2023-05-24,Dublin,12.4,7.4,18.1,0.0,,16.3
2023-05-24,Limerick,13.3,7.7,17.9,0.0,,10.5
2023-05-25,Cork,15.4,12.2,21.0,0.0,,15.2
2023-05-25,Dublin,13.7,9.2,20.3,0.0,,12.7
2023-05-25,Limerick,15.3,11.8,19.4,0.0,,14.1
2023-05-26,Cork,14.8,11.2,18.5,0.0,,14.4
2023-05-26,Dublin,13.6,9.3,18.8,0.0,,12.5
2023-05-26,Limerick,15.6,8.1,22.5,0.0,,13.6
2023-05-27,Cork,15.2,10.1,19.6,0.0,,11.2
2023-05-27,Dublin,14.5,8.1,20.5,0.0,,9.6
2023-05-27,Limerick,16.2,9.8,21.5,0.0,,9.3
2023-05-28,Cork,13.2,10.2,15.7,0.6,,13.8
2023-05-28,Dublin,12.6,11.0,16.1,0.0,,19.2
2023-05-28,Limerick,14.0,9.5,18.8,0.0,,14.7
2023-05-29,Cork,13.1,8.5,17.5,0.0,,18.8
2023-05-29,Dublin,13.1,6.7,17.1,0.0,,18.4
2023-05-29,Limerick,14.9,6.4,22.2,0.0,,12.9
2023-05-30,Cork,14.4,10.5,18.2,0.0,,17.0
2023-05-30,Dublin,13.3,7.8,18.2,0.0,,15.0
2023-05-30,Limerick,17.1,7.6,24.6,0.0,,13.5
2023-05-31,Cork,14.1,11.5,18.1,0.0,,17.7
2023-05-31,Dublin,12.4,7.5,16.3,0.0,,16.8
2023-05-31,Limerick,17.7,9.6,23.9,0.0,,16.3
2023-06-01,Cork,14.1,10.0,18.4,0.0,,14.1
2023-06-01,Dublin,12.5,7.6,16.5,0.0,,17.0
2023-06-01,Limerick,17.1,9.0,24.7,0.0,,12.8
2023-06-02,Cork,13.3,10.5,16.0,0.0,,14.0
2023-06-02,Dublin,12.3,11.4,17.8,0.0,,16.3
2023-06-02,Limerick,16.4,8.5,23.0,0.0,,11.8
2023-06-03,Cork,14.2,9.6,19.0,0.0,,11.9
2023-06-03,Dublin,13.4,6.4,19.3,0.0,,12.0
2023-06-03,Limerick,16.8,7.5,23.8,0.0,,8.4
2023-06-04,Cork,15.0,10.0,19.5,0.0,,14.4
2023-06-04,Dublin,14.3,7.1,19.5,0.0,,13.2
2023-06-04,Limerick,17.9,7.9,24.7,0.0,,10.5
2023-06-05,Cork,14.9,10.0,19.6,0.0,,13.1
2023-06-05,Dublin,14.4,8.9,19.5,0.0,,14.1
2023-06-05,Limerick,18.4,8.5,25.3,0.0,,10.6
2023-06-06,Cork,13.9,10.7,17.7,0.0,,16.0
2023-06-06,Dublin,12.7,8.6,16.7,0.0,,16.0
2023-06-06,Limerick,18.1,9.9,24.5,0.0,,12.0
2023-06-07,Cork,12.8,9.2,16.0,0.0,,17.1
2023-06-07,Dublin,11.9,6.7,14.9,0.0,,18.3
2023-06-07,Limerick,15.7,8.5,21.0,0.0,,13.2
2023-06-08,Cork,15.4,12.3,18.0,0.0,,28.1
2023-06-08,Dublin,12.2,7.6,15.8,0.0,,20.0
2023-06-08,Limerick,16.8,9.2,23.0,0.0,,13.9
2023-06-09,Cork,15.5,14.0,17.2,1.1,,25.2
2023-06-09,Dublin,14.1,10.2,18.7,0.0,,19.2
2023-06-09,Limerick,18.1,10.8,23.1,0.0,,16.5
2023-06-10,Cork,15.4,14.7,16.1,12.1,,17.7
2023-06-10,Dublin,15.4,11.1,20.2,0.9,,11.7
2023-06-10,Limerick,18.1,15.8,20.6,9.9,,14.8
2023-06-11,Cork,16.0,14.5,19.0,1.5,,12.0
2023-06-11,Dublin,18.6,14.9,23.2,0.0,,9.3
2023-06-11,Limerick,18.5,16.4,22.5,2.0,,15.6
2023-06-12,Cork,17.3,14.6,21.1,6.1,,15.3
2023-06-12,Dublin,16.8,14.3,21.8,5.2,,8.0
2023-06-12,Limerick,17.6,15.2,21.4,0.5,,9.9
2023-06-13,Cork,18.4,15.0,22.5,1.0,,13.5
2023-06-13,Dublin,19.4,16.2,25.2,0.0,,12.2
2023-06-13,Limerick,20.1,16.4,24.8,0.0,,9.6
2023-06-14,Cork,18.5,14.0,22.2,0.1,,9.9
2023-06-14,Dublin,17.4,13.6,21.8,0.0,,14.8
2023-06-14,Limerick,18.7,13.4,24.2,0.0,,9.0
2023-06-15,Cork,16.4,12.7,20.7,0.1,,8.8
2023-06-15,Dublin,16.2,9.3,23.4,0.0,,10.4
2023-06-15,Limerick,19.4,15.3,25.7,17.0,,7.6
2023-06-16,Cork,15.8,13.5,17.6,6.5,,16.0
2023-06-16,Dublin,15.9,11.4,22.0,16.5,,9.8
2023-06-16,Limerick,18.4,15.7,22.3,3.5,,17.1
2023-06-17,Cork,16.4,14.2,19.0,5.4,,12.3
2023-06-17,Dublin,15.5,14.2,20.3,1.0,,15.3
2023-06-17,Limerick,17.3,14.7,22.3,4.1,,11.5
2023-06-18,Cork,16.3,13.5,18.8,5.5,,15.7
2023-06-18,Dublin,17.1,14.7,22.2,0.8,,13.2
2023-06-18,Limerick,17.7,14.7,22.3,4.1,,13.5
2023-06-19,Cork,15.8,12.1,19.1,1.4,,13.2
2023-06-19,Dublin,18.1,13.5,22.6,0.0,,13.5
2023-06-19,Limerick,16.4,13.5,20.4,8.9,,7.8
2023-06-20,Cork,15.9,13.0,19.5,3.7,,12.3
2023-06-20,Dublin,16.6,12.6,19.7,17.7,,8.7
2023-06-20,Limerick,16.3,13.5,19.8,9.1,,11.2
2023-06-21,Cork,16.3,13.5,20.5,2.9,,8.5
2023-06-21,Dublin,17.7,13.0,23.8,0.0,,14.4
2023-06-21,Limerick,17.4,13.7,20.8,0.0,,12.6
2023-06-22,Cork,17.0,13.2,20.5,2.0,,12.8
2023-06-22,Dublin,16.2,9.7,21.0,0.3,,11.0
2023-06-22,Limerick,17.1,9.7,22.7,4.1,,11.1
2023-06-23,Cork,16.9,14.2,18.2,6.6,,22.9
2023-06-23,Dublin,18.7,14.7,22.2,0.0,,16.0
2023-06-23,Limerick,19.1,16.5,21.7,3.3,,20.7
2023-06-24,Cork,17.0,16.0,18.2,0.9,,23.1
2023-06-24,Dublin,20.6,17.8,25.2,2.9,,17.8
2023-06-24,Limerick,19.8,17.5,24.1,0.8,,23.6
2023-06-25,Cork,16.1,12.0,19.1,5.5,,19.5
2023-06-25,Dublin,16.5,15.1,21.5,1.0,,14.8
2023-06-25,Limerick,16.5,14.4,17.8,11.6,,24.1
2023-06-26,Cork,14.2,10.1,17.7,0.0,,16.5
2023-06-26,Dublin,15.3,11.2,20.9,0.4,,16.0
2023-06-26,Limerick,15.4,12.9,17.7,0.3,,20.7
2023-06-27,Cork,17.0,14.5,20.1,0.9,,21.2
2023-06-27,Dublin,17.9,14.6,23.2,1.3,,16.4
2023-06-27,Limerick,17.7,15.3,20.0,0.3,,22.5
2023-06-28,Cork,16.1,12.7,19.0,1.1,,20.4
2023-06-28,Dublin,16.3,15.1,21.0,1.1,,15.0
2023-06-28,Limerick,16.0,12.9,17.8,5.1,,15.4
2023-06-29,Cork,14.1,10.6,17.7,0.7,,15.6
2023-06-29,Dublin,14.4,9.5,19.7,0.8,,15.0
2023-06-29,Limerick,15.5,12.9,18.0,0.5,,19.7
2023-06-30,Cork,15.6,12.0,18.6,0.9,,20.3
2023-06-30,Dublin,15.1,13.1,17.9,1.0,,18.8
2023-06-30,Limerick,15.3,13.0,17.0,4.1,,26.5
2023-07-01,Cork,15.3,12.2,18.5,0.0,,26.9
2023-07-01,Dublin,14.8,13.1,20.2,0.0,,30.9
2023-07-01,Limerick,15.3,13.3,16.8,0.3,,27.9
2023-07-02,Cork,13.5,10.5,17.5,0.0,,18.2
2023-07-02,Dublin,13.2,10.0,18.9,4.3,,21.1
2023-07-02,Limerick,14.3,12.6,17.2,0.3,,23.7
2023-07-03,Cork,12.9,10.0,15.5,0.1,,21.9
2023-07-03,Dublin,12.3,9.2,18.8,7.5,,18.0
2023-07-03,Limerick,14.1,11.4,16.6,6.1,,25.8
2023-07-04,Cork,13.1,10.2,17.0,5.1,,18.3
2023-07-04,Dublin,13.4,8.8,20.0,2.1,,17.0
2023-07-04,Limerick,13.7,11.6,16.1,3.0,,19.5
2023-07-05,Cork,13.2,9.2,17.4,0.2,,16.7
2023-07-05,Dublin,13.5,8.8,19.0,0.7,,17.0
2023-07-05,Limerick,13.7,11.7,16.7,1.5,,19.8
2023-07-06,Cork,13.6,10.5,15.6,17.4,,23.9
2023-07-06,Dublin,15.0,12.1,19.9,1.4,,20.8
2023-07-06,Limerick,15.2,11.8,17.9,5.6,,21.5
2023-07-07,Cork,16.1,15.5,17.5,5.0,,31.8
2023-07-07,Dublin,18.1,14.8,22.2,0.0,,19.7
2023-07-07,Limerick,18.8,16.4,21.6,6.1,,29.2
2023-07-08,Cork,15.3,12.5,17.7,2.6,,28.0
2023-07-08,Dublin,18.4,15.6,22.3,0.3,,21.2
2023-07-08,Limerick,17.9,14.7,20.9,0.5,,28.5
2023-07-09,Cork,14.3,11.5,17.6,7.6,,16.7
2023-07-09,Dublin,15.7,11.5,22.5,3.4,,14.0
2023-07-09,Limerick,15.7,13.4,18.8,7.1,,12.9
2023-07-10,Cork,15.1,13.1,18.7,6.6,,18.9
2023-07-10,Dublin,14.9,11.5,17.6,13.6,,11.0
2023-07-10,Limerick,15.7,13.9,18.5,13.0,,9.9
2023-07-11,Cork,14.8,11.7,18.7,0.8,,16.7
2023-07-11,Dublin,15.4,13.0,20.9,2.3,,14.1
2023-07-11,Limerick,15.5,12.5,18.5,2.0,,16.7
2023-07-12,Cork,14.4,10.1,17.7,6.3,,14.2
2023-07-12,Dublin,15.1,12.3,21.0,0.0,,21.8
2023-07-12,Limerick,15.8,13.5,18.1,1.0,,19.2
2023-07-13,Cork,14.2,10.6,17.2,0.7,,15.4
2023-07-13,Dublin,14.8,10.9,20.4,5.3,,10.8
2023-07-13,Limerick,15.1,12.7,16.9,4.1,,14.3
2023-07-14,Cork,15.1,12.6,18.7,17.0,,24.6
2023-07-14,Dublin,14.6,12.3,18.2,15.2,,20.6
2023-07-14,Limerick,15.1,13.6,17.5,26.9,,18.9
2023-07-15,Cork,13.8,12.0,16.6,4.2,,24.2
2023-07-15,Dublin,14.2,13.1,15.9,8.0,,24.9
2023-07-15,Limerick,14.6,13.5,16.4,10.9,,27.0
2023-07-16,Cork,13.5,9.7,18.0,9.2,,16.5
2023-07-16,Dublin,14.2,12.3,19.5,6.9,,19.8
2023-07-16,Limerick,14.5,12.5,17.1,7.1,,20.2
2023-07-17,Cork,13.5,9.6,18.6,2.5,,16.3
2023-07-17,Dublin,14.6,11.1,20.0,6.8,,13.4
2023-07-17,Limerick,14.7,12.5,18.5,3.0,,15.2
2023-07-18,Cork,16.0,11.6,20.3,23.6,,20.0
2023-07-18,Dublin,14.2,12.4,18.5,5.4,,11.1
2023-07-18,Limerick,16.1,12.7,20.2,17.0,,14.6
2023-07-19,Cork,15.0,12.5,18.8,0.0,,19.0
2023-07-19,Dublin,14.3,12.4,18.5,0.7,,12.6
2023-07-19,Limerick,15.4,11.6,18.6,0.0,,13.5
2023-07-20,Cork,13.8,10.5,17.0,0.0,,18.6
2023-07-20,Dublin,13.7,11.4,19.5,0.4,,12.3
2023-07-20,Limerick,14.7,11.6,17.5,0.0,,13.0
2023-07-21,Cork,13.7,10.6,17.7,0.3,,16.2
2023-07-21,Dublin,13.4,10.6,18.9,13.5,,16.3
2023-07-21,Limerick,14.2,12.4,17.6,2.0,,16.0
2023-07-22,Cork,15.8,12.7,18.1,7.5,,18.6
2023-07-22,Dublin,15.8,13.0,20.0,30.8,,12.2
2023-07-22,Limerick,16.4,13.7,19.6,7.9,,17.2
2023-07-23,Cork,15.8,13.6,19.0,5.4,,17.0
2023-07-23,Dublin,14.5,14.8,15.9,1.5,,20.6
2023-07-23,Limerick,16.1,14.8,18.1,3.6,,20.0
2023-07-24,Cork,14.8,11.5,18.6,0.2,,20.0
2023-07-24,Dublin,13.6,10.2,18.8,0.0,,11.9
2023-07-24,Limerick,15.1,11.5,18.7,0.0,,16.0
2023-07-25,Cork,13.9,10.1,16.7,0.0,,12.0
2023-07-25,Dublin,13.7,7.3,20.0,0.6,,12.4
2023-07-25,Limerick,15.1,9.2,18.9,0.0,,7.4
2023-07-26,Cork,14.9,11.2,16.6,9.9,,18.8
2023-07-26,Dublin,15.1,9.8,17.8,7.8,,11.4
2023-07-26,Limerick,16.1,13.5,17.8,10.7,,17.8
2023-07-27,Cork,17.4,13.2,22.7,0.0,,13.6
2023-07-27,Dublin,17.8,15.6,23.5,0.0,,18.4
2023-07-27,Limerick,16.7,15.0,19.4,2.0,,17.9
2023-07-28,Cork,14.2,12.5,16.2,0.3,,18.5
2023-07-28,Dublin,16.5,13.4,21.1,0.5,,15.6
2023-07-28,Limerick,15.6,13.8,18.4,1.0,,20.4
2023-07-29,Cork,14.4,11.0,18.2,0.0,,23.0
2023-07-29,Dublin,15.3,12.0,20.5,3.2,,20.2
2023-07-29,Limerick,15.4,12.7,17.7,2.5,,29.1
2023-07-30,Cork,14.4,10.5,16.5,6.9,,20.6
2023-07-30,Dublin,15.2,13.1,18.1,2.8,,15.8
2023-07-30,Limerick,15.7,13.4,18.0,7.4,,21.4
2023-07-31,Cork,15.7,13.6,19.7,0.7,,18.3
2023-07-31,Dublin,15.6,15.2,18.3,4.1,,20.1
2023-07-31,Limerick,15.7,14.2,17.6,5.1,,26.6
2023-08-01,Cork,14.1,11.0,17.2,9.9,,17.4
2023-08-01,Dublin,15.3,11.9,20.3,15.6,,18.6
2023-08-01,Limerick,15.3,13.7,17.8,3.0,,16.7
2023-08-02,Cork,15.2,13.0,17.7,3.0,,25.3
2023-08-02,Dublin,14.3,13.2,17.8,1.6,,24.8
2023-08-02,Limerick,15.9,13.7,19.1,2.8,,18.6
2023-08-03,Cork,14.8,12.7,17.7,0.0,,27.6
2023-08-03,Dublin,14.7,11.5,20.0,0.8,,23.7
2023-08-03,Limerick,15.3,14.0,18.3,0.8,,18.8
2023-08-04,Cork,13.1,11.5,15.5,4.7,,16.2
2023-08-04,Dublin,13.4,8.7,18.1,45.4,,16.8
2023-08-04,Limerick,13.6,9.4,16.1,0.8,,11.4
2023-08-05,Cork,14.6,12.2,17.2,1.5,,32.7
2023-08-05,Dublin,12.9,10.8,18.1,2.6,,23.9
2023-08-05,Limerick,15.0,12.0,17.6,4.1,,26.8
2023-08-06,Cork,14.8,11.2,18.7,0.0,,17.7
2023-08-06,Dublin,12.9,8.7,20.0,1.8,,16.8
2023-08-06,Limerick,15.2,12.4,17.8,1.3,,14.7
2023-08-07,Cork,13.0,11.0,15.0,3.9,,12.1
2023-08-07,Dublin,13.7,8.7,19.2,0.0,,12.1
2023-08-07,Limerick,15.3,12.8,18.2,0.0,,12.3
2023-08-08,Cork,15.7,14.0,18.1,0.7,,9.2
2023-08-08,Dublin,14.4,10.4,19.7,0.3,,8.0
2023-08-08,Limerick,16.0,12.7,19.7,0.3,,7.8
2023-08-09,Cork,17.6,14.8,21.5,0.0,,12.6
2023-08-09,Dublin,18.2,12.1,24.0,0.0,,8.4
2023-08-09,Limerick,20.2,16.0,26.5,0.3,,12.0
2023-08-10,Cork,15.9,14.0,17.0,5.8,,23.0
2023-08-10,Dublin,17.8,14.2,23.8,0.0,,15.8
2023-08-10,Limerick,18.4,15.9,20.7,0.0,,20.7
2023-08-11,Cork,15.9,14.5,17.8,5.0,,27.0
2023-08-11,Dublin,17.9,14.3,22.1,1.0,,20.6
2023-08-11,Limerick,17.3,14.6,20.2,2.0,,23.1
2023-08-12,Cork,15.7,13.2,18.7,2.1,,25.2
2023-08-12,Dublin,16.9,16.2,20.9,0.0,,20.4
2023-08-12,Limerick,16.3,15.3,17.7,3.3,,30.1
2023-08-13,Cork,14.0,12.5,16.6,3.3,,14.1
2023-08-13,Dublin,16.0,13.7,20.9,0.0,,15.2
2023-08-13,Limerick,15.7,13.9,18.4,4.1,,18.9
2023-08-14,Cork,15.2,12.0,19.2,4.1,,17.2
2023-08-14,Dublin,15.3,12.5,21.2,0.0,,13.2
2023-08-14,Limerick,15.7,11.5,19.5,0.0,,12.0
2023-08-15,Cork,15.3,12.5,18.2,0.1,,12.2
2023-08-15,Dublin,15.5,12.8,22.0,0.0,,15.9
2023-08-15,Limerick,16.1,13.5,18.9,0.5,,10.4
2023-08-16,Cork,15.4,12.5,19.2,0.1,,14.1
2023-08-16,Dublin,14.0,10.4,18.8,0.0,,12.0
2023-08-16,Limerick,16.5,11.4,22.0,0.0,,7.2
2023-08-17,Cork,14.9,12.1,18.0,0.0,,19.3
2023-08-17,Dublin,16.1,11.2,21.5,1.0,,13.8
2023-08-17,Limerick,17.0,13.0,22.2,0.0,,18.5
2023-08-18,Cork,15.4,14.4,17.0,51.1,,28.4
2023-08-18,Dublin,16.4,15.2,18.8,22.2,,23.1
2023-08-18,Limerick,17.5,15.4,19.8,19.1,,22.2
2023-08-19,Cork,15.9,14.6,18.1,4.2,,28.6
2023-08-19,Dublin,17.9,15.5,21.8,0.1,,27.8
2023-08-19,Limerick,17.3,15.5,19.5,9.4,,28.2
2023-08-20,Cork,15.8,12.7,18.2,1.0,,21.8
2023-08-20,Dublin,17.7,14.4,22.6,0.0,,18.5
2023-08-20,Limerick,17.6,14.4,21.6,0.0,,22.5
2023-08-21,Cork,16.4,14.2,18.7,2.1,,24.6
2023-08-21,Dublin,18.2,16.0,22.9,0.0,,21.2
2023-08-21,Limerick,17.8,14.6,20.8,0.5,,21.8
2023-08-22,Cork,15.9,13.5,19.0,0.0,,16.7
2023-08-22,Dublin,16.7,15.1,20.9,0.4,,16.5
2023-08-22,Limerick,16.6,14.5,19.1,1.5,,20.2
2023-08-23,Cork,15.7,13.6,20.0,4.2,,10.6
2023-08-23,Dublin,15.9,11.5,20.5,0.4,,9.0
2023-08-23,Limerick,15.6,13.1,19.0,0.0,,12.2
2023-08-24,Cork,14.3,11.7,17.7,0.0,,15.1
2023-08-24,Dublin,14.6,10.8,19.3,0.0,,18.9
2023-08-24,Limerick,14.7,10.7,17.9,0.3,,13.0
2023-08-25,Cork,14.2,11.5,17.6,1.6,,18.3
2023-08-25,Dublin,14.1,12.0,19.4,8.5,,15.4
2023-08-25,Limerick,15.4,13.3,18.1,4.6,,15.9
2023-08-26,Cork,14.4,11.2,17.5,0.8,,22.3
2023-08-26,Dublin,13.8,11.2,19.8,3.9,,20.6
2023-08-26,Limerick,15.2,12.5,18.6,2.0,,16.0
2023-08-27,Cork,14.6,12.2,19.1,4.9,,22.2
2023-08-27,Dublin,13.6,11.8,19.2,1.8,,21.9
2023-08-27,Limerick,15.2,12.8,19.3,3.8,,17.7
2023-08-28,Cork,14.3,11.6,17.7,0.2,,13.2
2023-08-28,Dublin,14.2,9.7,18.6,0.2,,16.7
2023-08-28,Limerick,15.1,13.1,17.1,0.0,,12.3
2023-08-29,Cork,14.1,11.6,16.7,0.0,,17.8
2023-08-29,Dublin,14.1,12.4,18.2,0.0,,19.3
2023-08-29,Limerick,14.7,13.0,17.6,2.0,,15.9
2023-08-30,Cork,13.0,11.2,15.5,1.6,,10.5
2023-08-30,Dublin,13.3,9.8,18.0,0.0,,15.3
2023-08-30,Limerick,14.1,12.2,16.4,0.0,,9.8
2023-08-31,Cork,15.7,12.6,19.7,9.3,,16.1
2023-08-31,Dublin,13.8,11.5,17.1,2.1,,13.1
2023-08-31,Limerick,15.3,11.8,19.1,7.1,,16.1
2023-09-01,Cork,14.5,11.0,18.0,0.6,,7.6
2023-09-01,Dublin,15.3,14.1,19.9,0.0,,10.2
2023-09-01,Limerick,15.9,13.0,20.3,0.8,,8.0
2023-09-02,Cork,15.1,12.1,19.5,0.0,,8.5
2023-09-02,Dublin,15.3,12.6,21.5,0.0,,8.5
2023-09-02,Limerick,15.2,11.0,20.8,0.0,,5.7
2023-09-03,Cork,15.7,11.2,21.1,0.0,,8.1
2023-09-03,Dublin,16.9,10.4,24.2,0.0,,9.6
2023-09-03,Limerick,16.3,12.5,21.6,0.0,,6.3
2023-09-04,Cork,17.6,12.0,22.0,0.0,,18.8
2023-09-04,Dublin,16.1,10.0,23.7,0.0,,9.6
2023-09-04,Limerick,18.6,10.8,27.4,0.0,,9.3
2023-09-05,Cork,19.1,16.2,21.0,0.7,,23.6
2023-09-05,Dublin,17.6,14.8,22.1,0.0,,15.2
2023-09-05,Limerick,21.1,17.2,25.6,0.0,,13.8
2023-09-06,Cork,18.4,16.2,22.5,0.0,,15.6
2023-09-06,Dublin,18.9,12.4,26.4,0.0,,9.2
2023-09-06,Limerick,20.3,16.6,25.5,0.0,,15.9
2023-09-07,Cork,18.8,16.0,23.5,0.0,,14.3
2023-09-07,Dublin,18.7,16.0,25.3,0.0,,12.0
2023-09-07,Limerick,21.3,16.5,26.9,0.0,,11.3
2023-09-08,Cork,19.0,16.0,24.0,0.0,,8.1
2023-09-08,Dublin,19.6,14.7,26.8,0.0,,7.8
2023-09-08,Limerick,21.2,17.4,26.6,0.0,,8.4
2023-09-09,Cork,19.2,16.0,23.5,0.6,,7.4
2023-09-09,Dublin,20.1,16.5,26.1,0.0,,9.0
2023-09-09,Limerick,20.4,17.2,24.2,0.0,,9.2
2023-09-10,Cork,18.5,16.0,21.5,8.2,,10.8
2023-09-10,Dublin,17.9,15.1,21.0,14.0,,8.3
2023-09-10,Limerick,18.9,17.3,23.3,0.8,,7.5
2023-09-11,Cork,16.3,13.1,18.5,1.6,,14.6
2023-09-11,Dublin,15.4,14.9,17.1,8.6,,10.6
2023-09-11,Limerick,16.3,12.9,19.5,0.5,,13.1
2023-09-12,Cork,13.4,10.5,17.0,0.0,,22.3
2023-09-12,Dublin,12.2,10.7,17.8,0.0,,16.5
2023-09-12,Limerick,12.8,8.0,17.5,0.0,,11.1
2023-09-13,Cork,13.1,8.6,16.6,1.1,,18.3
2023-09-13,Dublin,11.4,5.9,17.4,1.0,,11.9
2023-09-13,Limerick,12.7,7.7,15.9,9.9,,15.6
2023-09-14,Cork,13.2,11.5,15.1,35.2,,10.8
2023-09-14,Dublin,14.0,11.2,18.5,18.8,,10.8
2023-09-14,Limerick,14.2,12.4,16.6,2.0,,8.0
2023-09-15,Cork,10.7,10.0,11.2,39.7,,24.4
2023-09-15,Dublin,11.4,11.3,12.2,14.0,,16.2
2023-09-15,Limerick,11.7,10.6,12.9,18.0,,9.6
2023-09-16,Cork,11.3,10.0,12.7,2.5,,26.9
2023-09-16,Dublin,12.1,10.6,15.3,7.4,,22.7
2023-09-16,Limerick,12.4,8.7,15.4,0.3,,17.7
2023-09-17,Cork,13.8,12.5,14.7,1.4,,14.8
2023-09-17,Dublin,14.6,11.7,15.6,14.6,,12.8
2023-09-17,Limerick,14.2,12.2,17.3,0.5,,8.5
2023-09-18,Cork,12.9,10.7,15.7,0.0,,22.0
2023-09-18,Dublin,13.1,11.6,17.7,3.4,,23.9
2023-09-18,Limerick,13.1,10.9,15.4,3.0,,21.2
2023-09-19,Cork,15.4,12.1,17.3,6.1,,35.1
2023-09-19,Dublin,14.8,10.6,20.0,6.8,,24.2
2023-09-19,Limerick,16.3,12.2,18.5,26.3,,33.9
2023-09-20,Cork,13.1,8.0,16.1,6.2,,24.9
2023-09-20,Dublin,14.2,13.5,17.4,0.9,,22.2
2023-09-20,Limerick,13.6,10.5,16.9,10.9,,26.4
2023-09-21,Cork,10.2,6.7,13.7,1.1,,12.5
2023-09-21,Dublin,11.2,5.8,17.0,0.0,,14.2
2023-09-21,Limerick,11.9,8.5,15.7,0.3,,11.5
2023-09-22,Cork,10.8,8.5,13.7,0.2,,19.6
2023-09-22,Dublin,10.4,7.7,15.7,0.1,,23.0
2023-09-22,Limerick,11.6,8.1,14.9,0.0,,14.4
2023-09-23,Cork,11.3,6.7,15.7,9.9,,21.0
2023-09-23,Dublin,11.1,4.3,17.4,0.1,,17.6
2023-09-23,Limerick,11.6,5.7,16.6,2.0,,17.7
2023-09-24,Cork,14.9,13.7,15.7,17.2,,26.6
2023-09-24,Dublin,16.3,11.9,20.4,1.7,,19.0
2023-09-24,Limerick,15.7,14.3,18.2,9.1,,20.8
2023-09-25,Cork,14.5,12.5,17.2,1.5,,26.7
2023-09-25,Dublin,15.4,13.7,19.6,1.4,,21.6
2023-09-25,Limerick,16.2,13.6,19.3,0.3,,27.9
2023-09-26,Cork,13.3,10.6,15.7,8.2,,22.0
2023-09-26,Dublin,14.2,13.1,18.8,2.2,,17.1
2023-09-26,Limerick,14.3,11.3,15.6,11.9,,20.8
2023-09-27,Cork,14.2,12.7,15.6,24.5,,38.7
2023-09-27,Dublin,13.9,8.5,18.0,10.4,,26.9
2023-09-27,Limerick,14.5,11.2,16.2,9.7,,31.4
2023-09-28,Cork,12.4,9.2,14.5,2.7,,19.7
2023-09-28,Dublin,13.4,12.1,16.2,0.9,,19.7
2023-09-28,Limerick,13.4,11.7,15.9,1.5,,21.6
2023-09-29,Cork,11.9,9.2,16.0,0.0,,13.6
2023-09-29,Dublin,12.7,10.3,18.1,0.1,,15.9
2023-09-29,Limerick,13.8,11.5,16.7,1.3,,18.9
2023-09-30,Cork,13.6,9.0,16.5,19.7,,23.4
2023-09-30,Dublin,12.6,8.0,17.7,12.1,,12.8
2023-09-30,Limerick,14.2,9.9,19.5,10.9,,17.4
2023-10-01,Cork,14.3,10.5,17.2,3.3,,15.3
2023-10-01,Dublin,15.8,11.9,19.6,0.0,,13.4
2023-10-01,Limerick,15.4,12.6,17.8,0.3,,15.6
2023-10-02,Cork,11.6,9.7,13.0,2.7,,9.8
2023-10-02,Dublin,12.1,8.5,14.8,0.1,,9.6
2023-10-02,Limerick,13.2,11.2,16.4,0.0,,11.7
2023-10-03,Cork,11.7,8.5,16.2,0.9,,17.2
2023-10-03,Dublin,12.4,8.8,17.2,0.0,,18.8
2023-10-03,Limerick,13.0,11.6,15.9,3.0,,21.0
2023-10-04,Cork,12.8,10.5,15.5,0.0,,21.4
2023-10-04,Dublin,13.6,10.9,16.5,3.2,,18.7
2023-10-04,Limerick,14.4,11.3,16.5,0.5,,19.7
2023-10-05,Cork,14.0,13.0,15.0,8.4,,27.8
2023-10-05,Dublin,15.2,12.9,18.5,0.5,,22.0
2023-10-05,Limerick,15.7,13.0,18.2,8.5,,20.2
2023-10-06,Cork,15.1,14.5,16.0,0.6,,25.0
2023-10-06,Dublin,17.8,13.9,21.2,0.0,,22.2
2023-10-06,Limerick,17.4,15.3,19.8,5.1,,15.3
2023-10-07,Cork,14.4,13.0,15.7,0.0,,18.3
2023-10-07,Dublin,17.7,15.2,21.8,0.0,,14.0
2023-10-07,Limerick,16.5,14.5,19.4,0.0,,12.6
2023-10-08,Cork,14.3,12.1,16.7,0.0,,6.8
2023-10-08,Dublin,15.9,11.6,21.6,0.0,,9.9
2023-10-08,Limerick,15.9,12.7,21.2,0.0,,10.6
2023-10-09,Cork,13.4,11.2,18.2,0.0,,6.9
2023-10-09,Dublin,17.4,13.1,23.4,0.0,,8.0
2023-10-09,Limerick,15.2,12.5,20.2,0.0,,5.1
2023-10-10,Cork,13.6,10.1,16.5,0.7,,14.1
2023-10-10,Dublin,17.9,13.4,21.7,3.8,,15.0
2023-10-10,Limerick,16.1,14.9,18.7,0.0,,17.8
2023-10-11,Cork,13.4,9.6,15.1,14.8,,13.5
2023-10-11,Dublin,10.2,10.2,10.7,4.0,,13.4
2023-10-11,Limerick,11.8,7.9,15.2,10.9,,13.1
2023-10-12,Cork,10.8,9.0,12.6,4.7,,11.7
2023-10-12,Dublin,8.1,3.4,13.4,2.7,,7.8
2023-10-12,Limerick,8.7,3.7,13.0,0.3,,6.6
2023-10-13,Cork,11.0,8.5,12.7,11.6,,25.8
2023-10-13,Dublin,9.9,7.1,13.9,0.3,,20.2
2023-10-13,Limerick,10.5,8.4,13.1,2.3,,16.0
2023-10-14,Cork,8.1,5.6,10.7,0.0,,15.4
2023-10-14,Dublin,6.6,4.1,11.7,0.0,,21.3
2023-10-14,Limerick,8.8,4.6,11.6,1.3,,14.1
2023-10-15,Cork,6.4,3.2,10.2,0.0,,12.0
2023-10-15,Dublin,5.2,1.0,11.3,0.0,,10.5
2023-10-15,Limerick,5.7,0.8,10.5,0.0,,6.0
2023-10-16,Cork,10.0,5.0,11.7,2.0,,20.0
2023-10-16,Dublin,7.4,4.2,13.1,0.0,,10.6
2023-10-16,Limerick,8.6,4.7,12.8,0.0,,13.5
2023-10-17,Cork,10.9,10.0,11.7,34.5,,34.2
2023-10-17,Dublin,10.9,5.6,13.4,12.8,,21.3
2023-10-17,Limerick,9.7,7.6,10.8,20.9,,19.6
2023-10-18,Cork,12.9,11.2,14.0,43.8,,26.1
2023-10-18,Dublin,12.2,10.4,13.9,28.9,,24.8
2023-10-18,Limerick,12.7,9.7,14.0,23.9,,22.7
2023-10-19,Cork,13.4,11.5,15.0,7.1,,15.4
2023-10-19,Dublin,13.5,12.5,18.2,7.8,,15.2
2023-10-19,Limerick,13.9,11.4,17.3,0.8,,9.3
2023-10-20,Cork,12.1,9.6,13.5,16.9,,17.1
2023-10-20,Dublin,11.8,11.8,13.9,32.7,,24.6
2023-10-20,Limerick,12.7,10.0,15.7,5.1,,10.2
2023-10-21,Cork,9.0,7.1,11.0,1.7,,18.0
2023-10-21,Dublin,8.4,7.1,11.5,0.0,,19.5
2023-10-21,Limerick,9.1,7.4,11.4,3.0,,12.5
2023-10-22,Cork,10.0,7.1,12.7,3.8,,13.4
2023-10-22,Dublin,8.1,2.3,14.4,2.5,,11.0
2023-10-22,Limerick,9.9,5.9,14.2,0.0,,10.8
2023-10-23,Cork,10.5,8.2,12.0,15.5,,14.2
2023-10-23,Dublin,12.6,5.7,14.6,10.9,,18.3
2023-10-23,Limerick,11.3,9.8,12.7,22.1,,12.3
2023-10-24,Cork,8.5,5.7,12.0,0.8,,6.0
2023-10-24,Dublin,10.5,9.7,13.8,3.1,,12.2
2023-10-24,Limerick,9.8,8.2,12.7,0.0,,7.2
2023-10-25,Cork,8.5,4.5,11.5,5.4,,15.9
2023-10-25,Dublin,9.8,4.6,13.3,2.0,,10.8
2023-10-25,Limerick,8.4,5.4,11.9,4.1,,13.5
2023-10-26,Cork,10.5,8.0,13.7,0.4,,15.3
2023-10-26,Dublin,11.2,7.0,16.2,0.2,,10.4
2023-10-26,Limerick,11.3,8.6,14.7,5.1,,13.2
2023-10-27,Cork,9.2,7.0,12.1,3.3,,11.4
2023-10-27,Dublin,9.8,4.8,14.3,1.0,,11.0
2023-10-27,Limerick,10.7,8.4,14.1,2.0,,15.4
2023-10-28,Cork,9.9,6.7,11.7,1.6,,12.5
2023-10-28,Dublin,11.2,8.2,15.1,6.9,,16.8
2023-10-28,Limerick,10.9,9.2,14.3,1.0,,15.0
2023-10-29,Cork,8.4,5.2,11.5,0.3,,8.6
2023-10-29,Dublin,8.2,4.4,12.7,1.7,,11.0
2023-10-29,Limerick,8.5,4.9,12.6,11.9,,5.6
2023-10-30,Cork,9.8,8.0,12.7,1.3,,9.3
2023-10-30,Dublin,7.6,2.8,12.3,3.1,,7.8
2023-10-30,Limerick,10.3,6.0,13.1,2.0,,11.5
2023-10-31,Cork,10.0,7.0,12.7,22.9,,16.7
2023-10-31,Dublin,9.6,4.3,13.0,4.4,,13.5
2023-10-31,Limerick,9.4,5.8,12.6,4.1,,13.2
2023-11-01,Cork,8.9,6.8,12.0,9.9,,21.0
2023-11-01,Dublin,9.6,8.9,12.1,1.6,,14.8
2023-11-01,Limerick,9.5,4.7,12.4,6.1,,18.6
2023-11-02,Cork,7.8,6.2,11.0,0.6,,24.4
2023-11-02,Dublin,7.2,3.7,10.5,0.7,,17.6
2023-11-02,Limerick,8.7,4.6,11.5,2.3,,18.3
2023-11-03,Cork,8.5,5.7,11.5,0.0,,20.2
2023-11-03,Dublin,7.7,4.3,11.6,10.6,,18.2
2023-11-03,Limerick,9.5,7.3,13.4,0.9,,14.4
2023-11-04,Cork,8.1,6.2,10.6,14.8,,23.7
2023-11-04,Dublin,7.6,4.9,10.9,1.8,,15.0
2023-11-04,Limerick,8.0,6.9,9.4,6.1,,20.2
2023-11-05,Cork,8.1,5.6,11.0,0.0,,17.1
2023-11-05,Dublin,7.7,5.4,12.0,0.4,,16.5
2023-11-05,Limerick,8.8,6.4,11.2,2.3,,13.8
2023-11-06,Cork,7.3,5.6,9.7,0.0,,19.2
2023-11-06,Dublin,7.9,6.1,11.5,0.0,,19.4
2023-11-06,Limerick,8.7,7.8,10.8,3.5,,17.3
2023-11-07,Cork,8.1,6.0,10.7,3.7,,17.0
2023-11-07,Dublin,8.3,6.9,12.2,1.7,,19.3
2023-11-07,Limerick,9.1,6.4,11.5,2.3,,13.8
2023-11-08,Cork,7.7,4.5,11.7,6.2,,20.0
2023-11-08,Dublin,8.4,6.6,10.2,1.1,,18.6
2023-11-08,Limerick,8.6,6.2,10.9,7.9,,22.8
2023-11-09,Cork,6.2,3.7,8.0,0.0,,22.0
2023-11-09,Dublin,6.4,4.3,9.1,2.8,,18.3
2023-11-09,Limerick,7.7,5.7,9.4,10.9,,25.0
2023-11-10,Cork,8.6,6.7,11.2,0.0,,28.2
2023-11-10,Dublin,6.8,4.2,10.5,0.2,,19.1
2023-11-10,Limerick,9.2,6.3,11.6,4.3,,18.1
2023-11-11,Cork,7.0,3.7,9.5,3.4,,19.2
2023-11-11,Dublin,4.9,2.1,9.7,3.2,,13.5
2023-11-11,Limerick,5.9,1.4,9.3,0.0,,13.1
2023-11-12,Cork,10.5,8.0,12.7,10.4,,23.4
2023-11-12,Dublin,9.6,2.5,13.9,8.1,,15.9
2023-11-12,Limerick,10.4,7.7,12.8,4.1,,16.5
2023-11-13,Cork,11.1,9.0,12.7,15.5,,33.2
2023-11-13,Dublin,10.9,8.0,12.3,0.1,,29.4
2023-11-13,Limerick,11.4,9.6,13.7,8.1,,29.2
2023-11-14,Cork,9.8,7.3,12.2,0.0,,21.8
2023-11-14,Dublin,10.2,9.2,12.8,0.0,,19.7
2023-11-14,Limerick,10.7,8.9,12.4,1.3,,21.6
2023-11-15,Cork,7.4,4.5,9.2,0.3,,11.7
2023-11-15,Dublin,7.4,6.2,10.5,0.0,,18.3
2023-11-15,Limerick,8.8,7.7,11.2,1.0,,12.9
2023-11-16,Cork,7.6,3.6,10.0,4.8,,13.5
2023-11-16,Dublin,6.2,4.0,10.3,0.8,,9.0
2023-11-16,Limerick,7.6,5.5,11.0,2.0,,13.1
2023-11-17,Cork,8.2,5.0,12.6,13.5,,19.2
2023-11-17,Dublin,7.4,4.8,13.7,4.9,,17.1
2023-11-17,Limerick,8.7,6.6,11.7,7.9,,16.4
2023-11-18,Cork,12.1,10.7,13.0,0.4,,34.6
2023-11-18,Dublin,12.3,5.9,14.6,0.8,,18.0
2023-11-18,Limerick,12.9,9.3,13.8,6.1,,24.6
2023-11-19,Cork,10.5,8.2,12.1,2.1,,32.4
2023-11-19,Dublin,10.7,10.4,12.5,1.7,,21.9
2023-11-19,Limerick,11.3,8.9,12.3,5.1,,30.6
2023-11-20,Cork,9.9,8.5,11.0,2.2,,33.4
2023-11-20,Dublin,9.2,7.8,11.5,0.0,,25.0
2023-11-20,Limerick,10.3,8.4,11.7,11.7,,18.6
2023-11-21,Cork,8.0,6.7,9.7,0.0,,17.7
2023-11-21,Dublin,6.7,3.3,10.5,0.0,,16.0
2023-11-21,Limerick,8.2,5.7,9.7,0.0,,9.6
2023-11-22,Cork,9.6,5.7,12.0,0.0,,14.0
2023-11-22,Dublin,10.3,3.9,11.8,0.4,,22.0
2023-11-22,Limerick,10.7,9.9,11.3,1.0,,19.5
2023-11-23,Cork,10.6,8.1,12.5,0.0,,17.7
2023-11-23,Dublin,10.9,10.4,13.2,0.2,,27.6
2023-11-23,Limerick,11.2,9.7,12.6,0.5,,16.5
2023-11-24,Cork,8.9,6.2,11.2,0.0,,13.5
2023-11-24,Dublin,6.3,6.1,9.1,0.0,,15.8
2023-11-24,Limerick,9.4,6.8,11.3,0.3,,9.8
2023-11-25,Cork,7.6,5.7,9.1,0.1,,11.9
2023-11-25,Dublin,2.8,-1.0,7.4,0.0,,6.8
2023-11-25,Limerick,8.1,6.5,10.3,0.0,,13.6
2023-11-26,Cork,9.7,8.7,11.2,5.8,,14.7
2023-11-26,Dublin,8.2,-0.3,11.0,4.1,,10.6
2023-11-26,Limerick,10.3,8.9,11.7,2.8,,12.0
2023-11-27,Cork,7.3,3.2,9.2,0.0,,19.2
2023-11-27,Dublin,6.8,6.8,8.5,0.0,,20.7
2023-11-27,Limerick,7.8,2.2,10.2,0.5,,12.0
2023-11-28,Cork,4.3,1.7,8.0,0.0,,12.0
2023-11-28,Dublin,3.7,2.0,6.9,0.0,,12.2
2023-11-28,Limerick,4.2,0.4,8.3,0.0,,4.8
2023-11-29,Cork,4.2,2.5,5.5,0.1,,13.6
2023-11-29,Dublin,2.1,0.6,6.1,5.8,,13.5
2023-11-29,Limerick,4.6,1.1,6.8,0.0,,10.8
2023-11-30,Cork,1.9,0.7,4.0,0.0,,25.3
2023-11-30,Dublin,2.3,0.7,5.5,0.6,,19.7
2023-11-30,Limerick,0.9,-1.6,4.5,0.0,,14.1
2023-12-01,Cork,1.2,-1.0,4.7,0.1,,13.5
2023-12-01,Dublin,0.2,-2.5,3.2,0.0,,10.5
2023-12-01,Limerick,0.3,-3.3,3.8,0.0,,6.0
2023-12-02,Cork,3.4,1.7,6.6,1.7,,7.5
2023-12-02,Dublin,2.4,-2.5,5.9,0.2,,8.4
2023-12-02,Limerick,1.9,-0.3,5.5,6.1,,8.0
2023-12-03,Cork,3.5,2.5,4.6,6.5,,16.0
2023-12-03,Dublin,2.2,-1.5,6.2,0.5,,13.9
2023-12-03,Limerick,2.3,1.4,3.2,2.0,,11.6
2023-12-04,Cork,2.6,0.1,5.2,0.3,,28.5
2023-12-04,Dublin,3.8,0.8,5.5,0.0,,27.9
2023-12-04,Limerick,2.1,-0.6,6.1,0.0,,14.8
2023-12-05,Cork,3.1,2.0,5.2,0.2,,13.2
2023-12-05,Dublin,4.0,2.0,8.1,0.0,,17.1
2023-12-05,Limerick,1.0,-2.4,4.1,1.0,,7.2
2023-12-06,Cork,8.7,6.0,10.6,12.0,,33.2
2023-12-06,Dublin,7.1,1.4,12.1,1.2,,25.4
2023-12-06,Limerick,8.3,1.7,10.2,1.5,,25.8
2023-12-07,Cork,9.6,7.6,11.2,8.4,,24.9
2023-12-07,Dublin,10.0,8.0,12.8,3.1,,24.6
2023-12-07,Limerick,10.0,7.9,12.1,5.1,,20.8
2023-12-08,Cork,8.1,7.2,9.2,1.9,,25.6
2023-12-08,Dublin,9.0,8.5,12.0,10.3,,23.1
2023-12-08,Limerick,9.6,7.7,10.5,4.1,,29.0
2023-12-09,Cork,9.5,5.7,12.0,6.2,,28.6
2023-12-09,Dublin,9.4,8.6,11.2,6.7,,30.9
2023-12-09,Limerick,9.9,7.4,12.2,7.6,,32.2
2023-12-10,Cork,9.3,6.2,11.0,8.8,,29.7
2023-12-10,Dublin,8.6,6.6,10.9,1.9,,24.6
2023-12-10,Limerick,9.6,7.0,11.7,7.9,,31.5
2023-12-11,Cork,8.2,4.7,10.7,9.1,,15.6
2023-12-11,Dublin,8.4,6.3,10.6,7.3,,18.6
2023-12-11,Limerick,8.2,5.1,10.9,2.8,,13.6
2023-12-12,Cork,7.8,6.2,9.5,0.7,,17.2
2023-12-12,Dublin,7.8,4.8,9.2,0.1,,13.3
2023-12-12,Limerick,7.9,6.4,9.6,6.1,,9.8
2023-12-13,Cork,7.2,6.2,9.0,0.0,,22.2
2023-12-13,Dublin,5.8,2.9,9.1,0.2,,16.3
2023-12-13,Limerick,8.2,6.0,9.9,0.3,,14.1
2023-12-14,Cork,8.3,6.6,9.2,2.2,,12.2
2023-12-14,Dublin,8.0,3.2,9.1,0.0,,14.4
2023-12-14,Limerick,9.2,7.5,10.2,1.0,,14.1
2023-12-15,Cork,8.6,4.2,10.6,0.0,,15.3
2023-12-15,Dublin,9.5,7.5,11.7,0.0,,15.4
2023-12-15,Limerick,9.6,7.6,12.5,0.0,,13.8
2023-12-16,Cork,9.4,9.0,10.1,0.1,,27.3
2023-12-16,Dublin,10.2,8.1,12.0,0.0,,17.4
2023-12-16,Limerick,9.9,7.7,12.6,0.0,,15.2
2023-12-17,Cork,10.3,9.0,11.5,3.1,,29.8
2023-12-17,Dublin,11.2,9.4,13.5,0.5,,26.4
2023-12-17,Limerick,12.1,10.0,13.1,3.0,,22.2
2023-12-18,Cork,11.6,10.0,12.5,6.0,,19.0
2023-12-18,Dublin,12.1,11.0,13.9,0.7,,17.4
2023-12-18,Limerick,11.4,9.0,12.9,4.1,,12.5
2023-12-19,Cork,7.6,6.2,9.7,8.7,,20.1
2023-12-19,Dublin,7.1,5.7,9.4,0.3,,20.3
2023-12-19,Limerick,8.1,6.2,9.2,3.0,,17.4
2023-12-20,Cork,9.8,8.0,11.2,0.0,,31.0
2023-12-20,Dublin,9.2,5.3,11.9,0.7,,31.8
2023-12-20,Limerick,10.5,7.2,11.5,2.0,,34.2
2023-12-21,Cork,10.8,10.2,11.6,0.0,,42.8
2023-12-21,Dublin,10.4,9.3,11.7,1.9,,43.9
2023-12-21,Limerick,11.3,10.8,11.8,1.5,,37.6
2023-12-22,Cork,9.4,8.6,10.5,0.0,,30.8
2023-12-22,Dublin,9.5,8.9,10.9,0.1,,37.5
2023-12-22,Limerick,10.4,9.5,10.9,1.8,,31.4
2023-12-23,Cork,10.1,8.7,12.2,0.3,,25.4
2023-12-23,Dublin,10.3,9.2,13.0,1.9,,29.2
2023-12-23,Limerick,10.9,9.6,12.4,2.3,,32.4
2023-12-24,Cork,11.7,9.5,13.0,1.2,,28.0
2023-12-24,Dublin,11.3,9.6,12.9,2.0,,30.9
2023-12-24,Limerick,11.9,10.1,12.7,16.0,,31.6
2023-12-25,Cork,8.4,5.2,10.0,1.1,,19.8
2023-12-25,Dublin,8.6,8.9,9.9,1.0,,20.0
2023-12-25,Limerick,9.6,7.7,10.9,1.0,,23.9
2023-12-26,Cork,6.4,3.6,10.5,21.3,,18.6
2023-12-26,Dublin,5.9,3.5,13.9,11.8,,17.2
2023-12-26,Limerick,6.3,3.7,8.8,1.0,,17.2
2023-12-27,Cork,8.9,6.2,11.7,18.0,,37.4
2023-12-27,Dublin,8.9,3.4,13.1,8.2,,26.1
2023-12-27,Limerick,8.9,5.5,12.6,20.1,,28.5
2023-12-28,Cork,7.7,6.1,9.2,1.0,,30.8
2023-12-28,Dublin,7.6,5.9,9.6,0.5,,26.9
2023-12-28,Limerick,8.7,6.4,10.3,9.9,,36.4
2023-12-29,Cork,5.1,3.2,7.2,0.0,,16.3
2023-12-29,Dublin,5.2,5.2,10.1,3.9,,22.5
2023-12-29,Limerick,6.6,4.9,8.0,4.8,,20.8
2023-12-30,Cork,7.8,5.7,9.7,13.3,,31.3
2023-12-30,Dublin,7.3,2.8,11.0,1.1,,18.9
2023-12-30,Limerick,7.7,4.4,10.4,10.9,,28.0
2023-12-31,Cork,6.1,5.0,7.2,0.0,,33.4
2023-12-31,Dublin,6.8,6.2,8.5,2.7,,29.0
2023-12-31,Limerick,7.8,6.8,8.7,9.9,,30.2
2024-01-01,Cork,7.5,3.5,10.7,12.8,,21.9
2024-01-01,Dublin,6.3,3.1,10.9,7.6,,20.1
2024-01-01,Limerick,7.8,4.5,10.9,11.7,,20.3
2024-01-02,Cork,8.7,6.7,10.0,5.9,,19.4
2024-01-02,Dublin,8.6,2.9,9.9,6.9,,14.8
2024-01-02,Limerick,9.0,7.6,10.4,7.4,,18.3
2024-01-03,Cork,6.5,3.2,8.7,0.0,,17.2
2024-01-03,Dublin,7.4,5.8,8.5,0.1,,14.1
2024-01-03,Limerick,8.0,7.3,9.7,7.1,,18.3
2024-01-04,Cork,4.6,2.5,7.5,0.0,,11.6
2024-01-04,Dublin,5.9,4.5,7.2,0.3,,14.0
2024-01-04,Limerick,6.2,3.9,8.8,1.3,,12.8
2024-01-05,Cork,5.2,3.7,8.5,0.0,,17.6
2024-01-05,Dublin,3.9,2.1,7.1,0.1,,20.7
2024-01-05,Limerick,5.4,3.2,8.9,0.3,,10.6
2024-01-06,Cork,4.4,3.0,7.5,0.0,,14.0
2024-01-06,Dublin,2.4,0.7,5.7,0.0,,16.4
2024-01-06,Limerick,2.9,-0.5,8.4,0.0,,3.9
2024-01-07,Cork,3.0,0.7,6.1,0.0,,11.1
2024-01-07,Dublin,-0.1,-1.7,5.0,4.8,,9.9
2024-01-07,Limerick,-1.2,-2.0,-0.1,0.0,,3.9
2024-01-08,Cork,3.1,2.1,7.2,0.0,,21.0
2024-01-08,Dublin,3.7,-1.2,5.7,0.0,,19.2
2024-01-08,Limerick,0.4,-3.5,3.8,0.0,,8.2
2024-01-09,Cork,1.6,0.1,3.0,0.1,,25.0
2024-01-09,Dublin,4.0,3.9,5.9,0.0,,30.9
2024-01-09,Limerick,2.1,-0.2,4.1,0.0,,14.0
2024-01-10,Cork,1.9,-0.2,4.6,0.0,,20.7
2024-01-10,Dublin,5.1,4.2,7.4,0.4,,22.2
2024-01-10,Limerick,1.6,-2.0,6.0,0.0,,12.9
2024-01-11,Cork,4.4,2.7,6.0,0.0,,18.8
2024-01-11,Dublin,6.3,5.3,8.1,0.0,,15.4
2024-01-11,Limerick,4.8,2.0,7.7,0.0,,14.2
2024-01-12,Cork,3.5,2.5,4.2,0.0,,12.9
2024-01-12,Dublin,3.8,4.7,4.7,0.0,,12.5
2024-01-12,Limerick,4.1,-2.4,4.9,0.0,,8.7
2024-01-13,Cork,2.5,0.1,4.0,0.0,,14.6
2024-01-13,Dublin,2.6,1.2,4.5,0.5,,12.5
2024-01-13,Limerick,3.0,1.3,4.9,0.0,,2.8
2024-01-14,Cork,3.2,0.5,5.6,0.0,,14.2
2024-01-14,Dublin,2.6,0.6,5.7,0.0,,16.6
2024-01-14,Limerick,3.6,1.1,6.2,0.3,,6.8
2024-01-15,Cork,0.6,-0.9,3.5,0.0,,12.6
2024-01-15,Dublin,-0.2,-2.2,2.6,0.0,,16.3
2024-01-15,Limerick,1.8,-1.3,4.3,0.0,,5.2
2024-01-16,Cork,-0.3,-2.7,2.7,0.0,,9.0
2024-01-16,Dublin,1.7,-1.7,4.7,0.0,,17.0
2024-01-16,Limerick,0.4,-2.8,5.2,0.0,,7.4
2024-01-17,Cork,-0.4,-2.2,2.7,0.0,,18.3
2024-01-17,Dublin,-1.6,-3.7,2.8,0.0,,14.2
2024-01-17,Limerick,-0.3,-3.7,3.1,0.0,,7.7
2024-01-18,Cork,0.1,-2.7,4.0,0.0,,15.9
2024-01-18,Dublin,-1.6,-4.1,2.6,0.0,,17.0
2024-01-18,Limerick,-1.4,-5.6,4.7,0.0,,3.6
2024-01-19,Cork,2.8,-2.2,6.7,0.0,,16.0
2024-01-19,Dublin,2.3,-3.4,8.3,2.9,,18.2
2024-01-19,Limerick,2.0,-3.4,6.8,0.0,,16.7
2024-01-20,Cork,7.8,6.6,9.5,20.9,,36.3
2024-01-20,Dublin,8.4,0.4,10.7,2.3,,29.4
2024-01-20,Limerick,8.5,5.4,11.3,1.8,,24.1
2024-01-21,Cork,9.4,7.0,11.7,18.1,,45.2
2024-01-21,Dublin,9.9,6.6,14.1,5.3,,34.2
2024-01-21,Limerick,10.1,6.3,14.1,19.1,,38.4
2024-01-22,Cork,6.5,4.6,9.5,0.0,,25.5
2024-01-22,Dublin,6.7,6.1,11.8,1.8,,28.2
2024-01-22,Limerick,7.5,5.9,8.8,3.0,,31.2
2024-01-23,Cork,10.3,6.1,12.2,13.9,,39.9
2024-01-23,Dublin,10.2,5.2,14.8,5.0,,26.3
2024-01-23,Limerick,10.6,4.8,14.4,8.9,,40.7
2024-01-24,Cork,8.2,5.7,9.7,0.4,,18.2
2024-01-24,Dublin,7.9,7.4,11.8,0.8,,20.4
2024-01-24,Limerick,8.8,6.9,10.3,1.0,,21.6
2024-01-25,Cork,10.7,9.0,11.5,8.0,,35.1
2024-01-25,Dublin,11.0,4.1,14.1,2.8,,23.2
2024-01-25,Limerick,11.6,6.8,13.8,1.5,,22.5
2024-01-26,Cork,5.3,1.5,8.2,0.0,,19.7
2024-01-26,Dublin,6.1,3.6,8.4,0.0,,22.5
2024-01-26,Limerick,7.3,5.0,10.1,4.1,,21.8
2024-01-27,Cork,8.4,6.9,9.6,0.7,,25.5
2024-01-27,Dublin,8.4,4.0,11.9,0.0,,20.1
2024-01-27,Limerick,9.0,6.7,11.2,0.0,,22.6
2024-01-28,Cork,9.1,5.5,11.2,6.5,,25.8
2024-01-28,Dublin,10.8,8.3,14.8,9.6,,24.9
2024-01-28,Limerick,10.1,6.3,13.2,1.0,,26.8
2024-01-29,Cork,3.8,2.0,9.8,10.3,,24.0
2024-01-29,Dublin,4.7,3.5,5.3,6.3,,16.8
2024-01-29,Limerick,4.6,1.7,7.4,2.0,,10.8
2024-01-30,Cork,4.4,1.5,7.2,0.0,,12.2
2024-01-30,Dublin,3.2,-0.2,8.1,0.0,,15.0
2024-01-30,Limerick,4.2,-1.0,8.5,0.0,,11.0
2024-01-31,Cork,8.1,6.0,10.6,0.3,,26.8
2024-01-31,Dublin,7.1,0.8,11.3,3.3,,25.3
2024-01-31,Limerick,8.1,3.9,11.3,4.1,,21.3
2024-02-01,Cork,6.6,3.6,9.2,0.0,,11.7
2024-02-01,Dublin,5.9,2.8,11.3,0.0,,16.8
2024-02-01,Limerick,6.0,2.0,10.9,0.0,,8.7
2024-02-02,Cork,10.8,9.2,12.7,0.0,,20.6
2024-02-02,Dublin,11.4,3.3,13.2,0.8,,20.7
2024-02-02,Limerick,11.0,7.9,12.0,0.8,,23.9
2024-02-03,Cork,11.2,10.7,12.5,0.2,,20.2
2024-02-03,Dublin,9.5,8.7,11.4,0.2,,19.7
2024-02-03,Limerick,9.7,8.4,11.2,7.1,,11.9
2024-02-04,Cork,10.8,9.0,13.0,0.0,,23.9
2024-02-04,Dublin,10.7,8.0,14.1,0.0,,25.8
2024-02-04,Limerick,10.8,8.4,12.6,3.3,,29.0
2024-02-05,Cork,9.9,8.5,11.7,0.7,,27.1
2024-02-05,Dublin,10.5,9.3,12.0,6.2,,24.9
2024-02-05,Limerick,10.7,9.6,11.7,0.0,,23.6
2024-02-06,Cork,9.1,5.0,11.7,12.2,,26.2
2024-02-06,Dublin,7.1,8.8,8.8,6.4,,16.4
2024-02-06,Limerick,8.6,4.5,11.5,22.1,,20.8
2024-02-07,Cork,4.9,3.5,6.7,1.0,,16.7
2024-02-07,Dublin,2.5,0.5,6.9,13.7,,10.2
2024-02-07,Limerick,4.3,1.5,7.4,0.0,,8.5
2024-02-08,Cork,8.4,5.2,10.5,23.9,,20.6
2024-02-08,Dublin,5.0,1.1,8.1,13.1,,29.6
2024-02-08,Limerick,6.1,4.4,9.1,19.1,,14.1
2024-02-09,Cork,8.0,5.0,9.7,3.5,,12.4
2024-02-09,Dublin,5.8,3.8,7.0,0.5,,18.6
2024-02-09,Limerick,7.9,6.1,9.4,4.1,,10.8
2024-02-10,Cork,7.4,5.7,9.0,9.0,,21.9
2024-02-10,Dublin,4.8,1.4,10.3,0.0,,10.5
2024-02-10,Limerick,6.6,4.7,9.1,3.0,,15.9
2024-02-11,Cork,5.4,2.0,8.7,0.0,,16.4
2024-02-11,Dublin,4.8,2.4,9.2,0.1,,16.6
2024-02-11,Limerick,6.2,2.8,8.9,1.5,,16.0
2024-02-12,Cork,4.3,0.5,9.0,0.0,,16.0
2024-02-12,Dublin,4.8,2.1,8.9,0.7,,17.6
2024-02-12,Limerick,6.0,2.2,9.5,3.8,,19.0
2024-02-13,Cork,8.1,4.1,10.8,6.0,,16.7
2024-02-13,Dublin,6.4,3.1,11.2,3.3,,10.5
2024-02-13,Limerick,7.4,4.5,10.3,3.8,,11.8
2024-02-14,Cork,10.9,10.2,11.7,5.7,,26.0
2024-02-14,Dublin,11.1,4.1,14.0,5.7,,12.0
2024-02-14,Limerick,11.4,9.0,13.6,7.9,,13.5
2024-02-15,Cork,10.1,6.0,13.0,9.4,,17.3
2024-02-15,Dublin,11.3,10.6,13.2,1.8,,13.0
2024-02-15,Limerick,10.8,8.9,12.3,6.1,,10.4
2024-02-16,Cork,9.4,7.6,11.7,0.2,,17.6
2024-02-16,Dublin,9.4,5.3,12.0,0.0,,12.9
2024-02-16,Limerick,10.7,8.7,13.4,1.0,,17.8
2024-02-17,Cork,10.6,9.1,12.1,8.6,,17.4
2024-02-17,Dublin,10.3,5.3,13.8,1.9,,9.5
2024-02-17,Limerick,11.2,8.4,14.0,6.1,,13.2
2024-02-18,Cork,10.7,8.5,14.0,3.4,,16.7
2024-02-18,Dublin,10.9,8.6,13.6,0.6,,17.0
2024-02-18,Limerick,10.4,8.8,12.4,1.0,,13.2
2024-02-19,Cork,9.6,7.5,12.1,1.6,,18.4
2024-02-19,Dublin,9.6,8.1,12.1,0.1,,18.9
2024-02-19,Limerick,10.2,7.7,12.9,1.0,,16.8
2024-02-20,Cork,9.6,7.5,11.7,4.7,,22.8
2024-02-20,Dublin,9.7,8.5,13.4,2.0,,17.7
2024-02-20,Limerick,9.9,6.6,11.8,6.1,,16.3
2024-02-21,Cork,10.2,7.0,12.6,13.0,,29.2
2024-02-21,Dublin,10.2,4.3,13.9,3.7,,21.3
2024-02-21,Limerick,10.2,6.6,11.9,5.1,,23.4
2024-02-22,Cork,4.9,3.1,7.5,1.9,,21.9
2024-02-22,Dublin,5.4,4.5,7.6,0.7,,20.7
2024-02-22,Limerick,5.4,3.7,6.9,6.1,,17.7
2024-02-23,Cork,3.3,1.7,6.0,0.1,,18.9
2024-02-23,Dublin,4.2,2.6,8.1,0.2,,18.6
2024-02-23,Limerick,4.8,3.6,6.6,6.1,,18.3
2024-02-24,Cork,6.0,3.2,9.2,0.1,,17.6
2024-02-24,Dublin,3.9,2.2,8.7,3.2,,11.6
2024-02-24,Limerick,7.0,4.5,10.5,3.0,,13.2
2024-02-25,Cork,6.1,4.5,6.7,21.4,,32.7
2024-02-25,Dublin,5.7,0.9,8.0,0.8,,21.2
2024-02-25,Limerick,6.8,4.9,8.5,11.9,,22.7
2024-02-26,Cork,5.0,2.2,8.5,0.0,,21.4
2024-02-26,Dublin,4.2,1.2,9.8,0.2,,16.8
2024-02-26,Limerick,5.6,2.1,9.8,0.0,,14.0
2024-02-27,Cork,7.2,2.2,12.0,0.0,,17.1
2024-02-27,Dublin,6.9,0.3,11.5,1.2,,18.2
2024-02-27,Limerick,8.2,4.6,10.7,2.0,,18.6
2024-02-28,Cork,9.2,3.7,11.6,5.8,,21.6
2024-02-28,Dublin,9.1,3.7,13.0,2.7,,15.1
2024-02-28,Limerick,9.3,5.6,11.8,16.0,,20.7
2024-02-29,Cork,4.4,2.1,7.2,5.3,,16.8
2024-02-29,Dublin,5.7,5.1,9.0,17.7,,15.9
2024-02-29,Limerick,5.8,3.3,7.7,5.1,,21.6
2024-03-01,Cork,2.9,1.1,5.2,1.8,,30.9
2024-03-01,Dublin,3.4,0.3,4.4,27.3,,27.5
2024-03-01,Limerick,3.9,2.2,6.4,7.1,,18.6
2024-03-02,Cork,3.8,1.6,7.0,0.2,,30.4
2024-03-02,Dublin,3.4,0.3,8.0,0.1,,23.1
2024-03-02,Limerick,4.6,1.5,7.4,0.3,,21.2
2024-03-03,Cork,5.5,2.5,10.1,0.5,,16.0
2024-03-03,Dublin,4.5,1.5,9.1,0.9,,11.4
2024-03-03,Limerick,6.2,3.1,10.5,2.0,,13.1
2024-03-04,Cork,6.0,4.2,8.5,21.9,,31.8
2024-03-04,Dublin,5.3,1.0,8.0,8.7,,22.0
2024-03-04,Limerick,6.8,4.0,8.9,3.0,,27.6
2024-03-05,Cork,7.2,4.1,10.7,1.6,,22.4
2024-03-05,Dublin,7.6,5.5,12.1,0.2,,20.1
2024-03-05,Limerick,8.7,5.7,12.2,17.0,,29.4
2024-03-06,Cork,9.3,8.2,10.4,9.6,,31.5
2024-03-06,Dublin,6.6,0.9,10.8,0.0,,20.2
2024-03-06,Limerick,10.6,7.1,12.9,0.3,,24.2
2024-03-07,Cork,7.9,6.2,9.2,0.7,,32.9
2024-03-07,Dublin,7.6,6.9,9.7,0.0,,24.9
2024-03-07,Limerick,9.4,6.4,11.6,0.5,,22.5
2024-03-08,Cork,6.6,6.1,7.2,0.0,,37.9
2024-03-08,Dublin,6.2,5.2,7.8,0.0,,27.1
2024-03-08,Limerick,7.7,6.1,9.5,0.0,,24.3
2024-03-09,Cork,6.1,5.1,6.7,1.6,,28.2
2024-03-09,Dublin,6.3,5.7,8.1,2.3,,34.1
2024-03-09,Limerick,6.6,4.5,9.0,0.0,,24.4
2024-03-10,Cork,6.5,6.0,7.0,0.3,,22.2
2024-03-10,Dublin,7.1,6.7,8.6,1.9,,22.2
2024-03-10,Limerick,7.4,6.4,8.5,1.0,,14.2
2024-03-11,Cork,7.8,5.0,10.7,7.5,,20.3
2024-03-11,Dublin,7.4,6.7,9.9,7.6,,10.4
2024-03-11,Limerick,8.4,5.8,11.4,3.0,,12.2
2024-03-12,Cork,10.6,9.0,12.2,1.8,,31.3
2024-03-12,Dublin,10.6,6.7,15.1,1.0,,17.5
2024-03-12,Limerick,11.2,7.4,13.5,15.0,,23.6
2024-03-13,Cork,10.6,10.2,11.1,18.4,,34.6
2024-03-13,Dublin,10.2,9.9,11.3,17.6,,20.1
2024-03-13,Limerick,9.5,7.5,12.6,6.1,,13.5
2024-03-14,Cork,10.4,9.6,12.0,24.7,,30.9
2024-03-14,Dublin,10.9,7.4,15.2,1.2,,19.5
2024-03-14,Limerick,11.3,7.4,14.4,13.0,,19.2
2024-03-15,Cork,9.5,7.0,12.0,1.0,,18.3
2024-03-15,Dublin,8.3,8.4,13.0,0.9,,20.8
2024-03-15,Limerick,9.4,5.7,12.3,3.3,,14.0
2024-03-16,Cork,9.5,7.0,10.7,6.1,,20.4
2024-03-16,Dublin,7.4,1.2,13.4,1.3,,15.8
2024-03-16,Limerick,10.3,5.0,14.1,4.8,,18.6
2024-03-17,Cork,10.2,8.6,13.3,0.3,,22.0
2024-03-17,Dublin,10.7,7.3,15.3,0.0,,13.0
2024-03-17,Limerick,11.0,8.8,13.5,1.0,,18.5
2024-03-18,Cork,9.2,5.5,10.7,7.8,,25.5
2024-03-18,Dublin,10.4,5.3,12.8,1.0,,18.8
2024-03-18,Limerick,10.0,6.4,13.2,1.0,,23.7
2024-03-19,Cork,8.9,6.2,11.7,5.4,,12.4
2024-03-19,Dublin,10.5,8.3,13.3,5.8,,12.4
2024-03-19,Limerick,10.5,8.1,13.1,2.5,,10.6
2024-03-20,Cork,8.4,4.2,11.7,3.0,,17.8
2024-03-20,Dublin,7.8,7.5,11.7,0.4,,9.0
2024-03-20,Limerick,8.9,5.9,12.6,5.1,,12.0
2024-03-21,Cork,8.9,4.6,11.6,0.0,,20.6
2024-03-21,Dublin,9.6,2.9,13.6,1.2,,17.7
2024-03-21,Limerick,9.6,5.4,12.4,3.0,,19.5
2024-03-22,Cork,7.4,3.5,10.7,0.1,,24.3
2024-03-22,Dublin,7.3,5.5,12.0,0.6,,27.8
2024-03-22,Limerick,7.9,5.6,10.1,2.0,,21.6
2024-03-23,Cork,5.6,4.0,8.5,0.5,,29.4
2024-03-23,Dublin,5.8,3.5,10.8,0.5,,32.4
2024-03-23,Limerick,6.9,5.0,9.3,6.1,,27.6
2024-03-24,Cork,7.2,4.7,10.2,9.1,,18.2
2024-03-24,Dublin,6.9,3.9,11.0,2.7,,19.8
2024-03-24,Limerick,7.9,6.3,9.8,4.1,,14.2
2024-03-25,Cork,6.4,4.2,9.5,13.8,,14.6
2024-03-25,Dublin,8.3,6.5,10.9,4.5,,21.0
2024-03-25,Limerick,7.4,3.2,9.6,20.1,,15.6
2024-03-26,Cork,6.0,4.5,8.4,11.5,,19.2
2024-03-26,Dublin,7.6,6.3,9.7,2.8,,19.0
2024-03-26,Limerick,7.0,3.1,10.1,0.5,,12.7
2024-03-27,Cork,3.7,1.7,6.1,6.3,,19.2
2024-03-27,Dublin,6.9,5.1,9.3,3.9,,17.5
2024-03-27,Limerick,5.5,3.7,7.7,6.2,,21.0
2024-03-28,Cork,5.6,2.9,9.8,0.7,,18.0
2024-03-28,Dublin,5.0,1.4,10.4,0.5,,10.1
2024-03-28,Limerick,4.9,0.2,10.7,0.0,,9.8
2024-03-29,Cork,7.0,4.1,11.4,1.2,,14.5
2024-03-29,Dublin,7.2,0.8,13.7,0.0,,11.5
2024-03-29,Limerick,7.9,4.0,12.2,5.7,,14.7
2024-03-30,Cork,7.2,3.3,10.3,4.6,,21.4
2024-03-30,Dublin,8.1,3.6,12.9,2.7,,14.8
2024-03-30,Limerick,8.6,4.0,13.3,0.3,,20.3
2024-03-31,Cork,7.6,4.6,10.1,5.7,,20.2
2024-03-31,Dublin,9.4,7.4,13.4,0.0,,21.5
2024-03-31,Limerick,9.2,6.2,12.3,3.3,,15.1
2024-04-01,Cork,8.8,6.5,11.9,1.4,,17.4
2024-04-01,Dublin,6.0,8.2,9.6,0.2,,20.1
2024-04-01,Limerick,10.4,7.5,14.4,0.0,,14.5
2024-04-02,Cork,7.1,4.2,9.8,4.3,,15.2
2024-04-02,Dublin,5.2,2.2,13.1,9.7,,12.5
2024-04-02,Limerick,8.6,4.6,12.3,2.2,,10.3
2024-04-03,Cork,8.4,6.6,12.2,2.5,,16.3
2024-04-03,Dublin,8.9,7.0,12.8,1.0,,19.2
2024-04-03,Limerick,9.4,7.6,13.1,7.9,,10.2
2024-04-04,Cork,8.9,6.7,10.7,15.3,,17.1
2024-04-04,Dublin,8.2,7.6,13.3,5.3,,16.8
2024-04-04,Limerick,10.1,7.4,12.7,3.6,,14.8
2024-04-05,Cork,10.8,9.7,12.0,8.2,,37.6
2024-04-05,Dublin,12.6,8.4,17.0,1.0,,24.8
2024-04-05,Limerick,12.3,10.4,14.6,4.3,,28.0
2024-04-06,Cork,10.5,6.7,11.7,8.1,,44.4
2024-04-06,Dublin,12.6,11.4,15.6,1.0,,35.8
2024-04-06,Limerick,12.3,8.6,14.8,3.0,,43.4
2024-04-07,Cork,8.9,6.5,12.0,7.4,,33.4
2024-04-07,Dublin,9.8,8.3,14.4,4.9,,28.4
2024-04-07,Limerick,9.6,7.3,12.7,1.5,,31.4
2024-04-08,Cork,5.8,4.6,7.2,31.5,,28.0
2024-04-08,Dublin,7.6,5.6,10.3,13.6,,15.8
2024-04-08,Limerick,7.4,6.5,8.1,6.1,,13.8
2024-04-09,Cork,7.8,4.7,11.7,0.0,,26.0
2024-04-09,Dublin,7.6,5.2,12.9,8.0,,32.7
2024-04-09,Limerick,8.9,6.1,12.0,0.8,,25.0
2024-04-10,Cork,11.0,8.1,13.0,4.7,,27.6
2024-04-10,Dublin,11.6,4.5,16.6,0.1,,17.8
2024-04-10,Limerick,12.1,7.6,15.0,4.8,,24.3
2024-04-11,Cork,11.3,10.2,12.1,4.6,,22.7
2024-04-11,Dublin,13.9,11.2,17.4,2.2,,17.5
2024-04-11,Limerick,13.6,11.9,14.9,4.1,,21.6
2024-04-12,Cork,10.4,9.6,11.6,0.1,,20.7
2024-04-12,Dublin,13.3,12.1,17.2,0.0,,18.9
2024-04-12,Limerick,12.8,11.8,14.6,1.5,,18.8
2024-04-13,Cork,10.6,6.0,12.6,0.1,,23.1
2024-04-13,Dublin,11.5,11.3,15.8,0.2,,24.3
2024-04-13,Limerick,10.8,7.6,12.3,1.0,,21.9
2024-04-14,Cork,7.4,3.0,11.7,0.5,,21.0
2024-04-14,Dublin,8.5,4.8,12.6,4.4,,17.8
2024-04-14,Limerick,9.1,5.2,12.1,3.0,,24.0
2024-04-15,Cork,7.9,6.2,9.5,0.9,,33.8
2024-04-15,Dublin,7.2,4.5,11.2,1.1,,39.6
2024-04-15,Limerick,8.7,5.6,10.3,3.8,,38.2
2024-04-16,Cork,8.4,5.7,12.2,0.0,,28.2
2024-04-16,Dublin,8.3,6.1,13.7,1.6,,26.2
2024-04-16,Limerick,9.8,7.5,12.1,0.0,,23.9
2024-04-17,Cork,8.2,5.2,11.3,0.1,,23.2
2024-04-17,Dublin,5.7,3.9,9.0,2.8,,15.5
2024-04-17,Limerick,9.6,5.9,13.3,0.0,,19.2
2024-04-18,Cork,9.6,6.7,13.5,0.0,,18.6
2024-04-18,Dublin,8.1,2.7,13.4,0.2,,19.7
2024-04-18,Limerick,10.1,7.4,12.0,0.0,,15.8
2024-04-19,Cork,10.6,8.2,14.2,0.0,,22.3
2024-04-19,Dublin,9.8,8.1,14.8,0.2,,22.0
2024-04-19,Limerick,10.9,7.6,14.4,0.5,,16.0
2024-04-20,Cork,9.4,6.1,13.0,0.0,,11.0
2024-04-20,Dublin,7.0,1.1,14.7,0.0,,9.3
2024-04-20,Limerick,10.1,2.9,17.0,1.0,,7.5
2024-04-21,Cork,9.9,5.6,13.7,0.0,,9.5
2024-04-21,Dublin,8.6,3.2,16.2,0.0,,8.7
2024-04-21,Limerick,11.9,4.8,18.2,0.0,,8.1
2024-04-22,Cork,12.4,7.7,17.2,0.0,,20.4
2024-04-22,Dublin,8.4,3.9,12.8,0.0,,15.9
2024-04-22,Limerick,12.2,7.6,17.2,0.0,,15.4
2024-04-23,Cork,11.1,8.0,15.5,0.0,,21.4
2024-04-23,Dublin,9.1,7.4,15.8,0.0,,16.3
2024-04-23,Limerick,11.6,8.1,15.8,0.0,,15.2
2024-04-24,Cork,9.5,5.2,14.5,0.0,,17.7
2024-04-24,Dublin,6.7,3.0,10.8,0.0,,11.4
2024-04-24,Limerick,9.4,4.5,14.1,0.0,,11.2
2024-04-25,Cork,8.1,5.7,11.7,12.1,,13.1
2024-04-25,Dublin,6.4,3.7,11.4,0.7,,13.8
2024-04-25,Limerick,9.2,6.5,13.0,3.0,,10.6
2024-04-26,Cork,7.4,5.7,9.1,1.8,,18.4
2024-04-26,Dublin,5.7,2.4,10.7,0.1,,14.8
2024-04-26,Limerick,8.4,5.9,11.5,1.5,,16.7
2024-04-27,Cork,6.0,2.2,9.7,0.0,,18.0
2024-04-27,Dublin,5.3,0.1,11.3,0.0,,15.3
2024-04-27,Limerick,7.6,1.5,12.8,0.0,,13.0
2024-04-28,Cork,7.9,4.0,12.5,3.7,,16.5
2024-04-28,Dublin,6.6,0.2,14.2,1.1,,13.4
2024-04-28,Limerick,8.3,2.5,12.3,1.0,,15.6
2024-04-29,Cork,9.6,7.2,12.2,6.7,,23.7
2024-04-29,Dublin,10.4,7.1,15.8,3.9,,19.0
2024-04-29,Limerick,10.3,8.8,12.8,3.0,,21.0
2024-04-30,Cork,7.9,6.4,10.7,11.3,,13.7
2024-04-30,Dublin,10.1,8.5,13.5,0.0,,21.8
2024-04-30,Limerick,8.9,6.7,11.1,10.9,,13.0
2024-05-01,Cork,8.4,4.6,12.6,0.3,,14.9
2024-05-01,Dublin,10.0,5.6,15.0,4.0,,14.5
2024-05-01,Limerick,10.5,6.3,15.0,1.0,,16.4
2024-05-02,Cork,7.8,6.5,9.6,8.9,,14.2
2024-05-02,Dublin,11.4,7.4,17.0,1.7,,15.2
2024-05-02,Limerick,8.3,5.7,9.6,7.1,,12.9
2024-05-03,Cork,9.9,7.6,12.2,1.0,,10.5
2024-05-03,Dublin,11.6,9.5,14.2,0.5,,12.0
2024-05-03,Limerick,10.6,9.2,12.2,3.0,,14.4
2024-05-04,Cork,10.3,7.6,13.7,0.4,,7.5
2024-05-04,Dublin,10.9,9.8,14.2,0.0,,12.5
2024-05-04,Limerick,11.0,7.0,13.9,0.0,,8.6
2024-05-05,Cork,10.0,5.5,14.7,0.0,,15.4
2024-05-05,Dublin,12.7,8.0,17.5,0.6,,9.2
2024-05-05,Limerick,11.4,4.0,18.3,0.0,,9.2
2024-05-06,Cork,12.4,9.5,16.5,0.3,,19.5
2024-05-06,Dublin,11.8,10.4,14.2,0.0,,12.7
2024-05-06,Limerick,12.0,8.9,14.5,0.0,,12.9
2024-05-07,Cork,11.1,9.0,13.5,0.0,,10.8
2024-05-07,Dublin,11.8,9.1,16.7,0.0,,11.2
2024-05-07,Limerick,11.8,9.5,14.4,0.0,,8.2
2024-05-08,Cork,11.5,9.0,15.0,0.0,,11.4
2024-05-08,Dublin,13.8,9.3,19.1,0.0,,9.8
2024-05-08,Limerick,13.0,8.8,18.3,0.0,,9.2
2024-05-09,Cork,12.4,9.2,16.5,0.0,,13.0
2024-05-09,Dublin,14.5,9.9,20.0,0.0,,8.8
2024-05-09,Limerick,14.5,9.3,20.4,0.0,,13.6
2024-05-10,Cork,13.5,10.0,18.0,0.0,,14.8
2024-05-10,Dublin,15.8,11.0,24.2,0.0,,12.5
2024-05-10,Limerick,16.6,11.4,23.1,0.0,,15.8
2024-05-11,Cork,14.1,10.7,18.0,0.0,,14.8
2024-05-11,Dublin,14.8,8.8,22.1,0.0,,11.7
2024-05-11,Limerick,16.2,10.5,22.3,0.0,,15.9
2024-05-12,Cork,13.9,10.7,17.7,1.7,,8.7
2024-05-12,Dublin,15.5,10.8,21.4,5.4,,11.1
2024-05-12,Limerick,14.1,11.6,15.9,0.0,,10.5
2024-05-13,Cork,11.7,9.5,14.1,28.1,,21.0
2024-05-13,Dublin,11.7,11.5,14.8,4.2,,18.3
2024-05-13,Limerick,13.4,10.7,18.7,11.9,,17.8
2024-05-14,Cork,11.6,10.5,14.0,27.0,,21.6
2024-05-14,Dublin,13.3,10.2,17.9,0.3,,13.8
2024-05-14,Limerick,12.3,8.3,15.6,18.0,,11.4
2024-05-15,Cork,12.3,11.1,14.7,8.4,,24.0
2024-05-15,Dublin,14.1,11.8,18.5,0.0,,12.2
2024-05-15,Limerick,14.5,10.6,19.0,0.8,,15.6
2024-05-16,Cork,13.3,10.0,17.6,8.8,,13.2
2024-05-16,Dublin,14.1,8.1,19.8,2.7,,12.0
2024-05-16,Limerick,15.0,9.6,21.5,0.0,,11.5
2024-05-17,Cork,13.5,12.0,15.2,12.3,,18.3
2024-05-17,Dublin,14.2,12.2,17.7,0.0,,15.0
2024-05-17,Limerick,14.7,13.3,17.0,7.1,,19.0
2024-05-18,Cork,13.0,11.0,14.7,1.7,,23.6
2024-05-18,Dublin,14.3,12.5,19.2,0.0,,13.2
2024-05-18,Limerick,13.3,11.5,15.3,0.0,,17.4
2024-05-19,Cork,15.4,9.6,22.1,1.9,,14.4
2024-05-19,Dublin,13.7,7.3,20.6,0.0,,12.5
2024-05-19,Limerick,14.9,8.4,22.0,0.0,,12.2
2024-05-20,Cork,15.9,11.7,20.5,0.0,,10.4
2024-05-20,Dublin,14.1,9.3,20.8,0.0,,12.5
2024-05-20,Limerick,15.7,10.2,23.5,0.0,,10.2
2024-05-21,Cork,13.8,10.2,18.2,12.5,,12.3
2024-05-21,Dublin,14.0,9.6,18.1,0.4,,11.7
2024-05-21,Limerick,13.6,11.4,16.3,0.0,,9.3
2024-05-22,Cork,13.3,10.1,16.6,4.1,,24.6
2024-05-22,Dublin,13.8,11.7,17.4,0.0,,23.0
2024-05-22,Limerick,13.0,10.3,16.7,0.0,,18.0
2024-05-23,Cork,10.7,8.0,13.5,0.0,,25.8
2024-05-23,Dublin,10.9,9.2,14.3,1.7,,30.8
2024-05-23,Limerick,11.5,9.4,14.2,0.0,,19.3
2024-05-24,Cork,10.6,7.0,15.0,0.0,,12.5
2024-05-24,Dublin,10.6,8.7,14.2,0.3,,16.0
2024-05-24,Limerick,12.2,5.9,16.7,0.0,,9.0
2024-05-25,Cork,10.5,7.0,12.6,15.8,,24.3
2024-05-25,Dublin,12.6,9.8,16.2,4.2,,17.6
2024-05-25,Limerick,11.9,8.7,14.6,5.1,,20.0
2024-05-26,Cork,11.2,9.0,14.5,8.9,,16.8
2024-05-26,Dublin,11.5,10.4,16.2,6.9,,11.7
2024-05-26,Limerick,12.2,10.0,14.7,0.3,,18.0
2024-05-27,Cork,10.8,7.2,14.7,0.8,,14.1
2024-05-27,Dublin,12.1,8.1,17.3,5.8,,13.5
2024-05-27,Limerick,12.4,8.9,16.6,0.8,,13.4
2024-05-28,Cork,13.4,9.7,17.0,1.1,,20.7
2024-05-28,Dublin,14.2,11.0,19.3,2.9,,16.0
2024-05-28,Limerick,13.8,12.4,16.0,4.1,,25.2
2024-05-29,Cork,12.8,9.5,17.2,0.0,,19.2
2024-05-29,Dublin,13.4,10.9,17.7,0.0,,24.6
2024-05-29,Limerick,13.6,11.3,16.9,0.5,,19.0
2024-05-30,Cork,12.0,10.2,14.7,0.0,,26.9
2024-05-30,Dublin,12.9,10.6,16.4,0.1,,27.9
2024-05-30,Limerick,12.8,10.9,14.4,0.0,,21.9
2024-05-31,Cork,13.4,8.6,19.0,0.0,,21.9
2024-05-31,Dublin,12.9,7.9,18.5,0.0,,18.3
2024-05-31,Limerick,13.8,8.5,18.8,0.0,,14.2
2024-06-01,Cork,13.6,8.1,20.0,0.0,,15.4
2024-06-01,Dublin,13.2,8.8,18.9,0.0,,12.6
2024-06-01,Limerick,13.3,6.4,18.7,0.0,,12.9
2024-06-02,Cork,15.2,9.5,20.5,0.0,,18.8
2024-06-02,Dublin,13.7,7.7,20.9,0.0,,13.8
2024-06-02,Limerick,14.2,8.4,19.2,0.0,,13.0
2024-06-03,Cork,15.1,13.0,18.5,0.0,,19.2
2024-06-03,Dublin,14.8,12.4,19.5,0.4,,19.2
2024-06-03,Limerick,13.9,12.2,16.3,0.0,,15.7
2024-06-04,Cork,12.9,8.5,16.1,0.7,,20.7
2024-06-04,Dublin,12.6,12.0,16.9,1.0,,24.3
2024-06-04,Limerick,12.7,8.5,14.8,1.0,,25.2
2024-06-05,Cork,10.5,6.0,15.7,0.0,,16.0
2024-06-05,Dublin,10.3,5.4,16.7,0.0,,23.6
2024-06-05,Limerick,10.9,7.8,15.1,0.8,,16.2
2024-06-06,Cork,10.7,7.1,13.2,0.0,,14.0
2024-06-06,Dublin,10.8,5.4,16.9,0.1,,19.5
2024-06-06,Limerick,11.6,8.4,15.2,0.5,,13.8
2024-06-07,Cork,12.5,9.5,15.7,0.1,,15.9
2024-06-07,Dublin,13.0,6.6,18.7,0.0,,18.9
2024-06-07,Limerick,12.6,9.8,15.0,0.0,,17.1
2024-06-08,Cork,12.7,9.7,17.0,0.3,,21.2
2024-06-08,Dublin,12.6,9.9,17.9,0.0,,23.7
2024-06-08,Limerick,13.1,10.7,16.5,1.0,,18.3
2024-06-09,Cork,12.5,8.5,17.2,0.0,,21.9
2024-06-09,Dublin,11.4,8.6,15.0,4.8,,25.2
2024-06-09,Limerick,12.6,9.9,14.4,0.0,,20.7
2024-06-10,Cork,12.5,8.1,16.7,0.4,,22.0
2024-06-10,Dublin,10.8,5.8,16.9,0.8,,20.6
2024-06-10,Limerick,12.3,6.3,17.0,2.0,,16.0
2024-06-11,Cork,11.8,7.0,16.1,0.1,,15.9
2024-06-11,Dublin,10.5,5.2,15.6,0.0,,17.8
2024-06-11,Limerick,11.3,4.6,16.0,0.0,,11.4
2024-06-12,Cork,11.8,7.2,15.6,0.0,,14.7
2024-06-12,Dublin,10.1,5.7,15.5,0.5,,13.6
2024-06-12,Limerick,12.6,5.0,17.3,0.0,,10.4
2024-06-13,Cork,13.8,11.2,18.0,11.2,,24.8
2024-06-13,Dublin,13.1,8.4,18.6,2.5,,20.4
2024-06-13,Limerick,13.6,12.0,15.6,7.1,,25.8
2024-06-14,Cork,11.5,8.0,14.7,2.1,,16.1
2024-06-14,Dublin,12.8,10.1,17.8,7.8,,14.3
2024-06-14,Limerick,12.4,9.7,15.5,3.0,,19.9
2024-06-15,Cork,12.0,9.2,15.1,0.7,,21.8
2024-06-15,Dublin,11.4,7.7,16.8,0.0,,12.0
2024-06-15,Limerick,12.5,8.9,17.2,7.1,,19.5
2024-06-16,Cork,13.0,9.2,16.5,0.0,,14.4
2024-06-16,Dublin,12.8,6.5,19.9,1.4,,16.2
2024-06-16,Limerick,13.5,7.7,17.6,0.0,,12.6
2024-06-17,Cork,13.2,9.6,16.2,0.2,,18.4
2024-06-17,Dublin,13.3,8.6,18.6,0.0,,15.2
2024-06-17,Limerick,13.6,11.1,15.5,0.0,,14.1
2024-06-18,Cork,12.9,9.2,16.0,0.0,,23.9
2024-06-18,Dublin,11.5,10.3,15.1,0.0,,18.8
2024-06-18,Limerick,13.0,8.9,17.1,0.0,,17.7
2024-06-19,Cork,12.3,6.7,18.7,0.0,,12.9
2024-06-19,Dublin,11.7,4.5,18.9,0.0,,12.2
2024-06-19,Limerick,12.3,5.9,17.5,0.0,,12.2
2024-06-20,Cork,13.8,9.2,18.5,0.0,,15.2
2024-06-20,Dublin,15.3,9.0,22.3,0.0,,10.8
2024-06-20,Limerick,14.9,10.9,20.3,0.0,,12.2
2024-06-21,Cork,13.7,11.7,16.6,4.0,,20.4
2024-06-21,Dublin,15.4,13.7,19.6,1.2,,14.2
2024-06-21,Limerick,14.7,12.4,16.4,5.3,,20.8
2024-06-22,Cork,13.3,9.1,16.1,0.0,,13.2
2024-06-22,Dublin,14.7,7.5,20.9,0.0,,12.8
2024-06-22,Limerick,14.9,11.5,19.0,0.0,,15.9
2024-06-23,Cork,15.8,12.2,19.2,0.0,,13.4
2024-06-23,Dublin,15.5,12.9,20.8,0.0,,13.8
2024-06-23,Limerick,17.0,13.2,23.0,0.0,,9.8
2024-06-24,Cork,16.0,14.0,18.7,0.0,,12.6
2024-06-24,Dublin,20.4,13.3,26.6,0.1,,9.6
2024-06-24,Limerick,19.5,16.7,23.1,0.0,,13.2
2024-06-25,Cork,16.8,14.7,19.5,0.6,,17.4
2024-06-25,Dublin,15.8,15.4,17.7,0.2,,12.9
2024-06-25,Limerick,16.6,13.9,20.4,0.0,,14.2
2024-06-26,Cork,15.0,13.1,18.6,0.8,,17.1
2024-06-26,Dublin,16.4,11.4,24.6,0.0,,11.4
2024-06-26,Limerick,15.3,9.6,21.0,0.0,,17.0
2024-06-27,Cork,12.8,10.5,15.1,0.0,,22.5
2024-06-27,Dublin,13.9,12.9,17.8,0.6,,24.0
2024-06-27,Limerick,13.4,12.4,14.2,3.0,,35.8
2024-06-28,Cork,12.9,10.7,17.1,1.8,,15.2
2024-06-28,Dublin,13.9,10.6,18.4,4.6,,21.2
2024-06-28,Limerick,14.2,11.7,16.5,1.0,,20.2
2024-06-29,Cork,14.4,12.0,18.0,7.3,,17.8
2024-06-29,Dublin,12.6,11.2,15.2,8.8,,10.8
2024-06-29,Limerick,14.5,11.4,17.0,10.9,,16.0
2024-06-30,Cork,12.3,8.7,17.0,0.3,,17.4
2024-06-30,Dublin,12.6,8.5,18.6,3.2,,18.6
2024-06-30,Limerick,12.8,8.7,16.0,0.3,,14.7
2024-07-01,Cork,13.8,11.0,19.2,0.6,,18.4
2024-07-01,Dublin,13.4,10.2,18.0,0.0,,20.4
2024-07-01,Limerick,14.5,12.4,17.1,0.3,,19.4
2024-07-02,Cork,12.9,9.5,17.7,0.0,,17.1
2024-07-02,Dublin,13.1,8.3,17.6,0.0,,15.3
2024-07-02,Limerick,13.9,10.4,18.0,0.0,,12.9
2024-07-03,Cork,14.1,11.1,17.6,0.0,,26.0
2024-07-03,Dublin,14.2,11.8,21.1,0.0,,24.2
2024-07-03,Limerick,13.6,11.3,15.5,1.0,,25.8
2024-07-04,Cork,11.5,7.6,15.6,6.3,,16.8
2024-07-04,Dublin,13.2,8.4,18.6,0.0,,27.3
2024-07-04,Limerick,12.7,11.1,14.9,4.3,,23.4
2024-07-05,Cork,11.4,8.6,14.7,3.0,,12.8
2024-07-05,Dublin,12.9,8.9,17.6,2.5,,14.7
2024-07-05,Limerick,12.6,10.3,14.9,1.5,,15.3
2024-07-06,Cork,11.8,7.7,15.5,0.5,,20.7
2024-07-06,Dublin,12.7,9.1,18.3,6.9,,21.8
2024-07-06,Limerick,12.4,8.7,16.0,1.5,,17.8
2024-07-07,Cork,12.2,8.6,14.7,2.0,,10.6
2024-07-07,Dublin,12.9,10.3,17.4,4.6,,12.8
2024-07-07,Limerick,13.6,9.5,16.5,0.8,,8.8
2024-07-08,Cork,12.0,8.2,16.2,3.9,,17.2
2024-07-08,Dublin,13.5,7.9,18.0,4.2,,13.6
2024-07-08,Limerick,14.6,8.5,19.3,0.0,,11.4
2024-07-09,Cork,13.5,11.6,16.2,1.5,,23.8
2024-07-09,Dublin,13.3,13.5,13.7,8.2,,22.5
2024-07-09,Limerick,14.9,13.1,17.1,0.5,,19.3
2024-07-10,Cork,14.8,11.0,19.4,0.0,,22.8
2024-07-10,Dublin,13.1,11.6,16.3,2.4,,23.0
2024-07-10,Limerick,15.7,13.4,18.6,0.0,,22.0
2024-07-11,Cork,13.8,10.0,18.1,0.0,,22.2
2024-07-11,Dublin,13.2,10.8,17.6,0.0,,23.4
2024-07-11,Limerick,14.6,10.8,17.9,0.0,,18.3
2024-07-12,Cork,13.1,10.2,16.0,0.1,,18.4
2024-07-12,Dublin,12.8,10.0,17.6,0.0,,13.5
2024-07-12,Limerick,13.9,10.9,16.6,0.0,,14.1
2024-07-13,Cork,14.0,11.6,18.2,0.0,,14.2
2024-07-13,Dublin,14.8,11.9,19.7,0.5,,10.1
2024-07-13,Limerick,15.2,12.0,18.8,0.0,,13.2
2024-07-14,Cork,14.6,12.2,18.0,0.0,,10.1
2024-07-14,Dublin,15.4,12.3,19.7,0.1,,9.2
2024-07-14,Limerick,15.1,11.1,20.2,0.8,,8.2
2024-07-15,Cork,13.7,12.7,15.4,6.8,,15.9
2024-07-15,Dublin,13.9,9.1,17.6,0.1,,10.8
2024-07-15,Limerick,14.4,11.0,16.7,1.0,,9.5
2024-07-16,Cork,15.6,12.5,18.9,0.0,,16.5
2024-07-16,Dublin,15.6,12.9,20.8,0.0,,17.4
2024-07-16,Limerick,15.7,13.9,19.0,0.0,,13.2
2024-07-17,Cork,14.2,10.7,16.7,0.9,,13.4
2024-07-17,Dublin,16.8,9.6,22.2,0.3,,12.9
2024-07-17,Limerick,15.8,11.9,18.5,0.0,,17.6
2024-07-18,Cork,15.8,13.0,19.0,6.7,,16.7
2024-07-18,Dublin,16.7,14.6,20.4,0.0,,12.6
2024-07-18,Limerick,16.9,13.5,19.6,2.0,,15.4
2024-07-19,Cork,14.9,13.0,17.6,0.0,,16.5
2024-07-19,Dublin,18.6,14.0,23.0,1.1,,13.2
2024-07-19,Limerick,16.2,12.5,19.8,0.0,,15.6
2024-07-20,Cork,14.3,12.2,16.7,2.4,,20.6
2024-07-20,Dublin,14.5,14.5,18.9,2.0,,14.6
2024-07-20,Limerick,14.9,13.5,17.2,11.9,,19.0
2024-07-21,Cork,13.6,10.5,15.7,1.3,,17.2
2024-07-21,Dublin,14.4,9.1,20.4,2.7,,12.9
2024-07-21,Limerick,15.3,12.6,18.2,0.5,,19.2
2024-07-22,Cork,15.2,13.7,17.2,0.4,,15.3
2024-07-22,Dublin,16.4,14.3,21.8,7.4,,13.4
2024-07-22,Limerick,15.7,14.2,19.7,3.0,,18.6
2024-07-23,Cork,15.6,12.7,19.0,0.0,,10.8
2024-07-23,Dublin,16.0,13.9,21.0,0.1,,11.3
2024-07-23,Limerick,16.1,12.9,18.7,0.3,,9.6
2024-07-24,Cork,15.4,12.2,18.7,1.5,,15.2
2024-07-24,Dublin,16.8,13.7,20.8,0.5,,9.8
2024-07-24,Limerick,16.7,13.7,22.1,2.3,,16.0
2024-07-25,Cork,15.6,12.7,19.7,0.1,,16.3
2024-07-25,Dublin,16.2,14.7,20.0,1.0,,14.8
2024-07-25,Limerick,15.7,13.0,19.2,1.0,,20.0
2024-07-26,Cork,13.3,8.6,17.7,0.5,,15.0
2024-07-26,Dublin,14.8,11.1,20.6,0.9,,14.6
2024-07-26,Limerick,15.3,12.4,18.6,0.3,,18.6
2024-07-27,Cork,15.5,11.6,20.5,3.1,,16.4
2024-07-27,Dublin,15.7,11.9,21.3,0.0,,9.3
2024-07-27,Limerick,15.6,12.7,18.8,4.8,,17.7
2024-07-28,Cork,14.4,11.2,18.7,0.0,,14.7
2024-07-28,Dublin,16.4,10.2,23.0,0.0,,13.1
2024-07-28,Limerick,16.7,10.6,22.7,0.0,,12.6
2024-07-29,Cork,15.1,10.7,19.0,0.7,,11.0
2024-07-29,Dublin,17.1,12.7,23.2,1.2,,11.8
2024-07-29,Limerick,16.6,13.3,20.2,0.0,,15.0
2024-07-30,Cork,15.9,12.6,19.5,0.0,,11.5
2024-07-30,Dublin,16.3,12.8,20.9,0.0,,11.8
2024-07-30,Limerick,16.2,10.4,20.7,0.0,,8.4
2024-07-31,Cork,16.9,12.1,22.1,0.0,,9.0
2024-07-31,Dublin,15.9,9.7,21.3,0.0,,10.6
2024-07-31,Limerick,17.0,12.5,22.7,0.0,,8.5
2024-08-01,Cork,17.5,14.5,22.0,0.0,,13.9
2024-08-01,Dublin,17.3,13.3,23.8,0.0,,9.8
2024-08-01,Limerick,17.9,14.4,22.0,0.0,,13.2
2024-08-02,Cork,16.2,12.5,18.1,3.2,,21.6
2024-08-02,Dublin,18.0,14.8,23.0,0.0,,16.8
2024-08-02,Limerick,17.1,13.7,19.1,2.0,,19.9
2024-08-03,Cork,13.7,9.7,17.7,0.1,,13.2
2024-08-03,Dublin,14.6,8.6,19.8,0.8,,14.1
2024-08-03,Limerick,14.9,12.3,18.0,2.0,,18.7
2024-08-04,Cork,15.1,12.6,17.0,1.2,,22.4
2024-08-04,Dublin,16.2,13.2,23.2,0.5,,16.5
2024-08-04,Limerick,17.8,14.3,21.8,0.0,,23.9
2024-08-05,Cork,16.6,12.2,18.3,2.4,,22.8
2024-08-05,Dublin,18.9,15.1,23.1,2.0,,20.0
2024-08-05,Limerick,17.8,14.3,19.7,3.0,,19.5
2024-08-06,Cork,13.8,10.1,18.1,0.5,,18.8
2024-08-06,Dublin,15.2,9.2,21.4,0.9,,15.9
2024-08-06,Limerick,15.0,12.5,17.8,0.5,,22.8
2024-08-07,Cork,14.2,11.5,17.0,1.2,,19.2
2024-08-07,Dublin,15.8,13.3,19.6,0.1,,18.0
2024-08-07,Limerick,14.9,13.6,16.5,3.0,,23.4
2024-08-08,Cork,16.6,14.5,19.5,0.7,,19.0
2024-08-08,Dublin,16.9,12.2,21.9,0.3,,14.0
2024-08-08,Limerick,16.4,14.6,19.3,3.0,,18.3
2024-08-09,Cork,15.9,12.2,21.2,0.0,,19.7
2024-08-09,Dublin,17.1,13.0,22.6,0.0,,21.2
2024-08-09,Limerick,16.7,13.8,19.9,0.5,,26.4
2024-08-10,Cork,17.1,13.2,22.7,0.0,,11.0
2024-08-10,Dublin,17.7,14.9,23.9,0.0,,17.4
2024-08-10,Limerick,16.9,13.2,20.0,3.0,,14.8
2024-08-11,Cork,16.1,13.2,18.5,3.5,,20.0
2024-08-11,Dublin,15.9,10.5,23.0,0.7,,14.7
2024-08-11,Limerick,17.3,11.2,22.5,1.0,,17.3
2024-08-12,Cork,16.0,12.6,19.1,4.6,,21.1
2024-08-12,Dublin,18.8,16.4,22.6,0.0,,18.5
2024-08-12,Limerick,17.7,14.1,20.5,27.1,,24.5
2024-08-13,Cork,16.0,12.6,18.5,6.0,,25.0
2024-08-13,Dublin,17.4,15.8,22.7,0.0,,21.0
2024-08-13,Limerick,16.6,12.7,18.3,0.3,,23.9
2024-08-14,Cork,14.1,10.7,16.7,0.5,,17.4
2024-08-14,Dublin,14.7,7.6,21.8,2.4,,13.4
2024-08-14,Limerick,15.2,10.3,18.7,0.0,,14.1
2024-08-15,Cork,15.9,12.2,18.2,1.3,,23.9
2024-08-15,Dublin,16.4,16.4,21.1,0.3,,19.8
2024-08-15,Limerick,16.3,12.6,17.8,8.9,,19.8
2024-08-16,Cork,13.7,10.6,17.2,0.0,,13.2
2024-08-16,Dublin,14.6,8.7,19.3,0.0,,13.1
2024-08-16,Limerick,14.9,12.2,17.1,0.0,,17.6
2024-08-17,Cork,13.8,11.0,16.6,0.0,,14.1
2024-08-17,Dublin,15.2,12.1,19.0,0.0,,14.0
2024-08-17,Limerick,15.2,13.2,17.9,0.0,,18.8
2024-08-18,Cork,14.3,10.0,20.1,0.1,,12.6
2024-08-18,Dublin,15.5,12.0,20.6,0.0,,17.1
2024-08-18,Limerick,15.6,13.6,18.3,0.0,,17.4
2024-08-19,Cork,15.1,13.0,18.5,9.7,,21.6
2024-08-19,Dublin,15.7,10.0,22.1,1.0,,17.7
2024-08-19,Limerick,15.9,13.3,20.3,1.0,,25.5
2024-08-20,Cork,13.2,8.5,16.2,3.8,,21.3
2024-08-20,Dublin,13.5,10.2,18.3,1.2,,24.3
2024-08-20,Limerick,14.0,11.5,16.5,1.7,,26.4
2024-08-21,Cork,13.4,9.5,16.2,0.1,,27.3
2024-08-21,Dublin,14.5,10.5,19.0,0.7,,22.2
2024-08-21,Limerick,15.6,12.0,18.9,0.3,,24.0
2024-08-22,Cork,14.3,12.0,16.0,11.9,,25.2
2024-08-22,Dublin,14.6,12.9,17.5,14.9,,20.4
2024-08-22,Limerick,14.5,12.4,17.5,5.1,,23.1
2024-08-23,Cork,13.3,9.3,17.2,0.4,,25.4
2024-08-23,Dublin,13.5,10.1,19.1,5.2,,21.4
2024-08-23,Limerick,13.6,11.4,16.6,11.9,,24.0
2024-08-24,Cork,11.9,7.7,16.5,1.4,,18.0
2024-08-24,Dublin,12.7,9.4,18.6,1.1,,20.7
2024-08-24,Limerick,13.2,10.4,16.4,1.3,,20.8
2024-08-25,Cork,13.4,9.2,17.2,1.2,,21.8
2024-08-25,Dublin,13.4,9.5,17.8,0.1,,20.6
2024-08-25,Limerick,14.1,11.4,16.4,1.3,,28.5
2024-08-26,Cork,13.9,10.6,16.5,2.6,,20.8
2024-08-26,Dublin,15.7,13.2,19.3,2.3,,16.8
2024-08-26,Limerick,16.3,13.5,18.2,3.0,,20.2
2024-08-27,Cork,15.9,13.7,18.0,17.1,,21.3
2024-08-27,Dublin,18.3,15.6,21.7,1.6,,19.7
2024-08-27,Limerick,17.5,15.1,20.5,0.5,,22.0
2024-08-28,Cork,14.8,10.2,18.2,,,17.1
2024-08-28,Dublin,15.9,13.1,21.1,0.6,,14.1
2024-08-28,Limerick,15.0,13.1,17.5,3.0,,20.2
2024-08-29,Cork,13.8,9.7,18.5,,,13.8
2024-08-29,Dublin,14.6,11.2,20.1,0.1,,16.3
2024-08-29,Limerick,14.6,11.8,17.9,2.3,,19.0
2024-08-30,Cork,13.7,9.9,18.1,,,13.8
2024-08-30,Dublin,12.0,6.7,18.6,0.0,,11.4
2024-08-30,Limerick,14.2,8.3,19.8,0.0,,8.4
2024-08-31,Cork,13.9,10.1,18.2,,,15.3
2024-08-31,Dublin,13.7,8.1,20.1,0.0,,12.9
2024-08-31,Limerick,15.5,8.0,21.7,0.0,,11.8
2024-09-01,Cork,15.3,13.1,17.1,,,15.0
2024-09-01,Dublin,15.2,9.8,19.4,4.2,,10.4
2024-09-01,Limerick,16.5,12.3,19.4,0.0,,11.7
2024-09-02,Cork,14.0,10.7,16.5,,,24.8
2024-09-02,Dublin,14.4,15.3,16.5,5.0,,12.8
2024-09-02,Limerick,14.2,10.9,16.5,9.4,,14.6
2024-09-03,Cork,13.4,9.1,17.5,,,14.1
2024-09-03,Dublin,12.3,6.6,17.8,0.5,,13.8
2024-09-03,Limerick,14.2,10.8,16.1,1.3,,16.3
2024-09-04,Cork,12.2,10.6,15.2,,,20.6
2024-09-04,Dublin,11.3,8.4,16.6,9.8,,18.9
2024-09-04,Limerick,13.0,10.7,15.8,1.0,,17.6
2024-09-05,Cork,12.8,8.5,16.1,1.4,,24.8
2024-09-05,Dublin,14.1,9.5,17.4,0.0,,24.3
2024-09-05,Limerick,13.4,7.4,19.5,0.0,,14.9
2024-09-06,Cork,16.7,15.1,19.2,0.0,,19.0
2024-09-06,Dublin,17.2,14.5,22.6,0.0,,23.4
2024-09-06,Limerick,17.8,13.0,23.8,0.0,,14.8
2024-09-07,Cork,16.3,13.6,19.2,0.1,,12.3
2024-09-07,Dublin,16.3,13.5,22.2,0.0,,14.8
2024-09-07,Limerick,16.4,13.2,18.9,0.0,,9.2
2024-09-08,Cork,14.7,12.0,17.2,0.0,,24.6
2024-09-08,Dublin,13.4,11.8,16.6,0.0,,21.0
2024-09-08,Limerick,14.7,13.2,17.5,0.0,,16.0
2024-09-09,Cork,13.4,10.1,17.2,0.0,,21.0
2024-09-09,Dublin,13.3,9.9,18.1,1.7,,24.8
2024-09-09,Limerick,13.4,10.0,16.1,0.0,,19.7
2024-09-10,Cork,13.0,10.1,15.7,1.1,,23.9
2024-09-10,Dublin,12.4,10.7,16.9,0.9,,27.1
2024-09-10,Limerick,13.3,10.7,14.8,3.0,,24.8
2024-09-11,Cork,10.9,9.2,14.1,0.0,,26.0
2024-09-11,Dublin,9.6,6.6,16.3,0.0,,23.4
2024-09-11,Limerick,11.8,9.9,14.7,0.0,,19.7
2024-09-12,Cork,10.3,7.6,13.7,0.0,,17.4
2024-09-12,Dublin,9.1,6.0,15.4,0.0,,20.4
2024-09-12,Limerick,10.7,7.0,14.4,0.0,,12.3
2024-09-13,Cork,10.7,7.0,14.2,0.0,,16.0
2024-09-13,Dublin,8.2,2.2,17.2,0.0,,12.5
2024-09-13,Limerick,9.9,5.0,15.9,0.0,,13.7
2024-09-14,Cork,14.0,12.5,16.1,3.7,,25.8
2024-09-14,Dublin,15.4,10.2,18.9,1.2,,21.2
2024-09-14,Limerick,15.9,14.0,17.8,0.3,,23.8
2024-09-15,Cork,14.8,13.0,18.0,7.4,,18.0
2024-09-15,Dublin,14.1,13.9,18.5,0.7,,14.6
2024-09-15,Limerick,14.4,11.5,17.4,4.1,,9.8
2024-09-16,Cork,14.4,11.2,18.2,0.0,,9.8
2024-09-16,Dublin,13.9,7.7,21.4,0.0,,11.1
2024-09-16,Limerick,15.9,9.6,21.4,0.0,,10.9
2024-09-17,Cork,14.8,13.0,18.5,0.0,,12.3
2024-09-17,Dublin,13.1,7.7,20.5,0.0,,9.6
2024-09-17,Limerick,16.7,12.9,22.2,0.0,,12.2
2024-09-18,Cork,13.7,11.0,17.5,0.0,,13.1
2024-09-18,Dublin,12.8,7.8,19.9,0.1,,10.4
2024-09-18,Limerick,14.7,8.4,21.2,0.0,,7.4
2024-09-19,Cork,14.7,10.2,20.1,0.0,,14.6
2024-09-19,Dublin,13.0,8.5,19.5,0.0,,12.5
2024-09-19,Limerick,15.0,8.5,23.1,0.0,,10.8
2024-09-20,Cork,14.8,10.7,20.7,0.0,,14.1
2024-09-20,Dublin,13.5,8.7,16.3,0.0,,17.4
2024-09-20,Limerick,14.4,8.0,21.4,0.0,,10.6
2024-09-21,Cork,13.9,11.0,17.1,0.1,,15.3
2024-09-21,Dublin,14.7,14.2,16.0,1.9,,21.2
2024-09-21,Limerick,13.9,9.0,17.8,0.0,,12.0
2024-09-22,Cork,14.2,13.1,16.5,0.3,,15.6
2024-09-22,Dublin,13.8,14.1,15.2,0.0,,21.5
2024-09-22,Limerick,14.7,13.4,15.8,0.0,,12.5
2024-09-23,Cork,12.9,11.2,14.2,0.1,,21.3
2024-09-23,Dublin,12.7,12.8,14.2,0.0,,16.3
2024-09-23,Limerick,13.3,12.0,14.4,0.0,,11.6
2024-09-24,Cork,11.8,10.0,14.1,0.1,,10.5
2024-09-24,Dublin,10.9,9.4,17.2,0.0,,17.6
2024-09-24,Limerick,12.7,9.6,14.8,0.0,,9.3
2024-09-25,Cork,10.4,8.5,14.0,12.8,,16.7
2024-09-25,Dublin,7.9,3.4,12.5,9.5,,13.4
2024-09-25,Limerick,9.2,8.4,10.7,24.1,,16.7
2024-09-26,Cork,9.0,7.1,11.0,6.8,,30.8
2024-09-26,Dublin,11.1,7.6,13.8,11.4,,22.6
2024-09-26,Limerick,9.6,7.6,11.3,7.1,,23.2
2024-09-27,Cork,9.2,7.0,12.6,2.0,,28.0
2024-09-27,Dublin,8.3,6.2,13.5,0.4,,23.0
2024-09-27,Limerick,9.8,7.2,13.2,4.6,,18.3
2024-09-28,Cork,9.7,6.6,13.1,0.0,,12.3
2024-09-28,Dublin,9.1,4.6,14.6,0.0,,11.9
2024-09-28,Limerick,10.1,5.7,13.5,0.0,,9.0
2024-09-29,Cork,12.0,10.7,14.0,36.0,,36.7
2024-09-29,Dublin,11.1,6.1,13.7,7.8,,23.1
2024-09-29,Limerick,12.4,9.7,14.2,3.8,,27.9
2024-09-30,Cork,11.8,9.5,15.1,0.0,,24.0
2024-09-30,Dublin,10.6,10.5,13.7,7.5,,18.4
2024-09-30,Limerick,12.2,9.2,15.7,0.8,,16.4
2024-10-01,Cork,11.0,8.2,15.2,0.0,,17.4
2024-10-01,Dublin,11.4,8.4,15.8,0.0,,20.4
2024-10-01,Limerick,11.4,6.7,16.5,0.0,,11.5
2024-10-02,Cork,10.9,7.2,15.0,0.1,,17.4
2024-10-02,Dublin,12.6,12.0,15.5,0.0,,21.8
2024-10-02,Limerick,10.6,5.0,16.5,0.0,,9.8
2024-10-03,Cork,12.7,11.7,13.1,1.8,,23.2
2024-10-03,Dublin,11.6,9.7,15.3,0.0,,16.2
2024-10-03,Limerick,12.8,9.0,15.2,0.0,,17.4
2024-10-04,Cork,13.6,12.7,14.2,9.2,,25.8
2024-10-04,Dublin,13.8,11.5,16.6,0.0,,22.5
2024-10-04,Limerick,15.4,13.4,17.5,1.0,,22.7
2024-10-05,Cork,13.4,12.6,14.2,30.9,,35.4
2024-10-05,Dublin,13.8,14.0,15.7,0.2,,24.0
2024-10-05,Limerick,14.6,13.2,15.9,14.2,,28.2
2024-10-06,Cork,12.7,8.5,14.6,7.4,,16.5
2024-10-06,Dublin,13.0,12.8,16.2,1.4,,16.7
2024-10-06,Limerick,14.1,10.3,18.0,5.1,,17.2
2024-10-07,Cork,13.5,12.1,15.1,4.3,,21.0
2024-10-07,Dublin,13.8,8.6,18.7,17.5,,13.4
2024-10-07,Limerick,14.3,12.6,17.8,0.3,,17.4
2024-10-08,Cork,12.0,9.0,15.7,1.1,,14.6
2024-10-08,Dublin,12.7,12.2,15.9,3.7,,16.3
2024-10-08,Limerick,13.0,10.6,15.8,0.5,,13.6
2024-10-09,Cork,10.9,8.7,14.0,0.0,,21.5
2024-10-09,Dublin,10.9,10.7,13.0,1.8,,24.6
2024-10-09,Limerick,11.5,9.2,13.8,0.5,,18.9
2024-10-10,Cork,7.3,4.6,10.5,0.0,,18.9
2024-10-10,Dublin,6.6,4.0,11.1,0.0,,17.0
2024-10-10,Limerick,7.1,3.5,11.5,0.0,,11.0
2024-10-11,Cork,6.5,2.8,11.7,0.0,,8.2
2024-10-11,Dublin,6.7,1.2,12.5,0.0,,11.0
2024-10-11,Limerick,6.7,1.0,12.7,0.0,,7.4
2024-10-12,Cork,7.9,4.7,12.1,0.0,,13.8
2024-10-12,Dublin,6.9,2.9,12.9,0.1,,20.1
2024-10-12,Limerick,8.8,4.2,12.2,1.0,,14.4
2024-10-13,Cork,8.6,5.6,11.2,15.8,,16.0
2024-10-13,Dublin,6.9,1.9,10.4,0.0,,13.5
2024-10-13,Limerick,7.8,3.5,11.0,2.0,,14.0
2024-10-14,Cork,10.3,9.0,11.5,0.3,,13.6
2024-10-14,Dublin,9.8,5.1,14.7,0.2,,10.5
2024-10-14,Limerick,9.9,6.4,11.7,0.5,,9.6
2024-10-15,Cork,12.8,10.7,14.1,14.4,,22.5
2024-10-15,Dublin,13.1,6.2,16.1,6.2,,17.2
2024-10-15,Limerick,13.5,10.6,15.1,4.1,,19.2
2024-10-16,Cork,13.9,12.2,15.7,1.1,,14.8
2024-10-16,Dublin,14.4,12.8,17.9,2.1,,11.1
2024-10-16,Limerick,15.1,11.6,17.4,0.5,,12.9
2024-10-17,Cork,12.0,8.0,15.6,0.0,,16.5
2024-10-17,Dublin,12.9,9.3,16.6,0.6,,14.8
2024-10-17,Limerick,12.6,10.1,14.6,1.0,,20.0
2024-10-18,Cork,12.4,9.0,14.6,11.2,,23.0
2024-10-18,Dublin,12.6,7.0,17.5,3.9,,17.2
2024-10-18,Limerick,13.4,9.3,16.8,6.1,,23.6
2024-10-19,Cork,10.6,7.1,13.2,2.5,,18.6
2024-10-19,Dublin,11.9,8.3,15.9,2.1,,13.4
2024-10-19,Limerick,11.8,9.0,14.7,3.0,,16.2
2024-10-20,Cork,12.2,10.1,14.2,11.4,,43.2
2024-10-20,Dublin,13.5,10.8,16.1,0.0,,36.3
2024-10-20,Limerick,12.9,11.5,15.1,10.9,,48.3
2024-10-21,Cork,10.7,7.2,14.0,0.5,,21.4
2024-10-21,Dublin,11.9,9.2,15.1,0.0,,20.7
2024-10-21,Limerick,11.7,9.6,14.3,6.4,,23.7
2024-10-22,Cork,11.0,8.7,14.7,0.7,,9.2
2024-10-22,Dublin,11.4,9.1,16.6,0.0,,9.9
2024-10-22,Limerick,11.1,9.1,14.6,2.0,,9.0
2024-10-23,Cork,11.0,6.2,12.8,0.5,,19.0
2024-10-23,Dublin,11.0,5.0,15.6,0.0,,13.8
2024-10-23,Limerick,11.3,7.4,14.5,0.0,,21.0
2024-10-24,Cork,13.1,12.2,14.2,10.5,,29.2
2024-10-24,Dublin,14.0,8.3,17.2,2.4,,20.8
2024-10-24,Limerick,14.8,13.4,16.9,3.0,,25.0
2024-10-25,Cork,11.6,10.5,12.2,5.4,,29.4
2024-10-25,Dublin,12.5,12.4,15.3,0.3,,15.2
2024-10-25,Limerick,13.2,10.5,15.1,11.2,,17.7
2024-10-26,Cork,11.2,8.0,13.5,1.1,,15.3
2024-10-26,Dublin,9.6,6.0,14.0,1.0,,12.2
2024-10-26,Limerick,9.4,5.7,13.1,0.5,,11.1
2024-10-27,Cork,9.8,5.5,13.5,2.0,,17.7
2024-10-27,Dublin,8.7,2.5,14.8,3.3,,17.4
2024-10-27,Limerick,10.2,4.3,14.2,8.1,,16.6
2024-10-28,Cork,13.0,10.7,14.5,0.0,,14.7
2024-10-28,Dublin,13.4,7.3,15.2,0.9,,16.3
2024-10-28,Limerick,12.9,9.9,14.3,3.3,,17.0
2024-10-29,Cork,11.2,9.5,13.0,0.0,,7.4
2024-10-29,Dublin,10.8,9.9,12.5,0.0,,13.5
2024-10-29,Limerick,11.7,9.7,13.2,0.3,,6.2
2024-10-30,Cork,10.9,10.5,11.5,0.0,,6.6
2024-10-30,Dublin,11.0,10.4,14.2,0.0,,7.8
2024-10-30,Limerick,11.7,10.4,12.8,0.0,,10.8
2024-10-31,Cork,11.4,10.2,12.5,0.0,,5.6
2024-10-31,Dublin,10.4,10.3,11.9,0.0,,13.8
2024-10-31,Limerick,11.2,10.6,11.7,0.0,,7.0
2024-11-01,Cork,11.8,11.0,12.5,0.6,,5.6
2024-11-01,Dublin,11.2,10.4,12.5,0.0,,10.1
2024-11-01,Limerick,12.2,11.3,13.1,0.0,,7.5
2024-11-02,Cork,10.9,10.2,11.5,0.1,,9.3
2024-11-02,Dublin,10.9,10.5,12.3,0.5,,7.4
2024-11-02,Limerick,11.7,11.3,12.4,0.0,,9.5
2024-11-03,Cork,11.3,9.7,13.0,0.1,,10.4
2024-11-03,Dublin,11.4,10.5,13.3,0.6,,8.4
2024-11-03,Limerick,11.9,10.9,13.8,0.0,,9.6
2024-11-04,Cork,11.2,9.5,12.5,0.0,,10.8
2024-11-04,Dublin,11.4,11.1,13.4,0.0,,11.4
2024-11-04,Limerick,10.4,7.1,13.4,0.0,,7.3
2024-11-05,Cork,12.5,11.1,13.5,1.5,,15.9
2024-11-05,Dublin,11.9,7.8,14.4,0.0,,9.6
2024-11-05,Limerick,12.9,9.6,16.6,0.0,,15.3
2024-11-06,Cork,13.8,13.5,14.5,0.8,,17.2
2024-11-06,Dublin,14.3,11.6,19.2,0.0,,13.5
2024-11-06,Limerick,15.3,13.4,17.4,0.0,,16.5
2024-11-07,Cork,12.3,11.7,13.2,2.9,,25.6
2024-11-07,Dublin,13.6,12.9,16.0,0.0,,19.8
2024-11-07,Limerick,14.2,13.4,15.2,0.0,,23.0
2024-11-08,Cork,11.2,11.0,11.7,2.4,,22.2
2024-11-08,Dublin,11.6,11.3,14.3,0.2,,17.4
2024-11-08,Limerick,13.2,12.4,14.0,0.0,,19.7
2024-11-09,Cork,12.2,11.5,13.0,1.6,,14.8
2024-11-09,Dublin,11.0,10.5,13.2,1.8,,13.2
2024-11-09,Limerick,13.0,11.7,14.9,0.3,,15.3
2024-11-10,Cork,12.8,9.0,15.7,0.5,,11.0
2024-11-10,Dublin,11.1,11.1,14.9,0.1,,11.8
2024-11-10,Limerick,12.0,6.2,14.1,2.0,,7.5
2024-11-11,Cork,9.4,7.5,11.7,0.0,,8.1
2024-11-11,Dublin,6.0,4.1,9.7,0.0,,9.5
2024-11-11,Limerick,5.8,3.4,8.2,0.5,,5.2
2024-11-12,Cork,7.6,5.0,11.1,0.0,,11.2
2024-11-12,Dublin,4.0,0.7,9.4,0.0,,9.6
2024-11-12,Limerick,6.3,4.9,7.8,0.0,,6.3
2024-11-13,Cork,6.0,3.3,10.5,0.0,,13.5
2024-11-13,Dublin,4.7,1.8,11.6,0.2,,15.2
2024-11-13,Limerick,5.6,2.8,8.5,0.3,,4.6
2024-11-14,Cork,10.7,7.2,13.2,0.0,,15.2
2024-11-14,Dublin,11.5,3.7,13.1,2.3,,8.1
2024-11-14,Limerick,11.3,7.9,13.8,0.5,,7.6
2024-11-15,Cork,10.6,9.5,11.5,0.0,,7.7
2024-11-15,Dublin,11.4,11.0,13.5,1.4,,9.8
2024-11-15,Limerick,11.7,11.0,12.8,0.5,,8.1
2024-11-16,Cork,8.9,7.2,11.0,0.3,,13.5
2024-11-16,Dublin,8.7,8.1,11.0,0.1,,17.6
2024-11-16,Limerick,10.1,8.1,11.5,1.0,,10.6
2024-11-17,Cork,8.9,5.6,12.0,0.2,,15.9
2024-11-17,Dublin,7.2,6.0,10.3,3.2,,16.2
2024-11-17,Limerick,10.1,7.4,11.8,2.3,,14.9
2024-11-18,Cork,10.4,9.2,11.7,6.5,,17.2
2024-11-18,Dublin,4.1,2.1,6.2,24.4,,15.5
2024-11-18,Limerick,9.0,7.2,13.0,20.1,,14.5
2024-11-19,Cork,6.2,1.8,10.4,1.7,,23.9
2024-11-19,Dublin,2.8,3.6,4.7,1.6,,17.3
2024-11-19,Limerick,4.6,-0.1,11.0,2.4,,15.9
2024-11-20,Cork,2.4,0.1,4.6,2.5,,13.0
2024-11-20,Dublin,0.6,-1.5,5.0,0.0,,16.8
2024-11-20,Limerick,2.0,-1.8,5.0,7.6,,9.5
2024-11-21,Cork,1.3,-0.1,4.1,20.0,,21.0
2024-11-21,Dublin,1.0,-0.9,3.3,0.0,,17.9
2024-11-21,Limerick,1.7,0.4,3.6,15.3,,17.1
2024-11-22,Cork,2.4,-0.3,6.0,5.4,,14.4
2024-11-22,Dublin,1.7,-0.2,13.5,13.2,,19.2
2024-11-22,Limerick,3.4,0.6,5.4,2.5,,13.8
2024-11-23,Cork,12.2,7.0,13.5,32.3,,45.2
2024-11-23,Dublin,11.6,0.6,15.8,5.8,,29.6
2024-11-23,Limerick,12.4,3.6,15.2,21.1,,28.8
2024-11-24,Cork,8.7,6.7,10.7,0.4,,32.6
2024-11-24,Dublin,10.5,9.0,11.6,0.0,,30.6
2024-11-24,Limerick,9.8,8.0,11.8,8.1,,32.1
2024-11-25,Cork,5.3,3.5,8.0,0.0,,17.0
2024-11-25,Dublin,6.3,5.7,8.2,0.1,,19.2
2024-11-25,Limerick,6.7,4.1,8.7,9.9,,17.6
2024-11-26,Cork,4.5,2.0,7.1,0.9,,12.6
2024-11-26,Dublin,2.9,0.8,8.8,0.1,,10.9
2024-11-26,Limerick,3.4,0.8,7.1,1.0,,9.4
2024-11-27,Cork,3.8,1.5,6.7,0.0,,14.4
2024-11-27,Dublin,1.0,-2.0,7.3,0.0,,11.1
2024-11-27,Limerick,-0.7,-2.4,0.3,0.0,,5.7
2024-11-28,Cork,9.8,7.0,12.0,5.7,,31.5
2024-11-28,Dublin,5.5,-2.4,13.2,0.8,,24.4
2024-11-28,Limerick,8.8,-1.3,13.5,3.0,,26.1
2024-11-29,Cork,12.0,11.5,12.7,13.8,,31.6
2024-11-29,Dublin,12.2,7.2,14.7,0.2,,24.1
2024-11-29,Limerick,13.3,12.6,14.5,2.0,,24.5
2024-11-30,Cork,12.4,12.0,12.7,5.0,,27.3
2024-11-30,Dublin,13.7,11.8,16.2,0.5,,19.7
2024-11-30,Limerick,12.9,10.7,15.0,8.1,,22.6
2024-12-01,Cork,10.2,7.3,11.9,0.6,,18.8
2024-12-01,Dublin,11.4,10.9,13.8,2.4,,16.8
2024-12-01,Limerick,10.2,8.4,11.6,0.6,,16.4
2024-12-02,Cork,6.0,4.1,7.6,0.0,,14.1
2024-12-02,Dublin,4.7,4.5,6.5,0.0,,23.7
2024-12-02,Limerick,6.3,4.3,8.4,0.5,,11.9
2024-12-03,Cork,7.1,4.5,9.7,0.0,,9.8
2024-12-03,Dublin,2.4,-3.5,8.7,0.8,,9.1
2024-12-03,Limerick,6.1,3.5,9.1,0.2,,12.0
2024-12-04,Cork,9.7,4.7,13.1,7.1,,21.8
2024-12-04,Dublin,8.1,-2.3,13.4,2.8,,17.4
2024-12-04,Limerick,9.2,3.2,12.7,1.3,,20.6
2024-12-05,Cork,10.4,6.6,12.7,3.2,,25.6
2024-12-05,Dublin,8.9,3.1,12.4,8.2,,22.8
2024-12-05,Limerick,10.1,7.0,12.2,12.7,,20.7
2024-12-06,Cork,8.3,5.0,12.5,5.6,,29.4
2024-12-06,Dublin,7.1,2.5,13.5,10.1,,21.5
2024-12-06,Limerick,8.7,5.4,13.0,6.1,,27.9
2024-12-07,Cork,6.5,4.7,8.5,2.8,,46.6
2024-12-07,Dublin,6.1,4.4,8.1,0.5,,54.2
2024-12-07,Limerick,7.8,5.4,9.6,3.3,,40.8
2024-12-08,Cork,5.1,4.0,7.1,0.0,,29.4
2024-12-08,Dublin,5.1,3.0,7.6,0.0,,25.4
2024-12-08,Limerick,5.6,1.8,8.1,0.0,,16.0
2024-12-09,Cork,3.4,1.5,6.5,0.0,,19.7
2024-12-09,Dublin,5.3,3.8,7.2,0.3,,19.5
2024-12-09,Limerick,1.8,-0.5,5.6,0.0,,12.2
2024-12-10,Cork,4.1,3.0,5.7,,,15.6
2024-12-10,Dublin,5.2,4.1,8.0,0.0,,15.2
2024-12-10,Limerick,2.3,0.0,4.7,0.0,,12.9
2024-12-11,Cork,4.2,3.2,5.1,,,17.2
2024-12-11,Dublin,5.4,5.3,6.9,0.0,,14.0
2024-12-11,Limerick,4.4,3.2,5.4,0.0,,7.3
2024-12-12,Cork,4.8,3.7,5.7,,,15.9
2024-12-12,Dublin,4.6,4.4,6.3,0.0,,7.5
2024-12-12,Limerick,4.8,3.7,5.5,0.0,,9.2
2024-12-13,Cork,5.4,4.7,6.7,,,10.2
2024-12-13,Dublin,4.6,4.5,6.2,0.2,,12.8
2024-12-13,Limerick,5.1,3.0,6.6,0.0,,5.2
2024-12-14,Cork,6.4,3.0,9.0,0.2,,13.2
2024-12-14,Dublin,5.1,1.3,11.1,0.8,,19.2
2024-12-14,Limerick,7.2,3.1,10.7,0.5,,13.8
2024-12-15,Cork,9.5,7.5,11.9,0.0,,17.2
2024-12-15,Dublin,10.9,2.6,12.6,0.2,,28.4
2024-12-15,Limerick,10.6,9.4,11.1,1.8,,20.8
2024-12-16,Cork,9.3,8.2,10.2,0.5,,17.8
2024-12-16,Dublin,9.3,9.2,11.6,0.4,,18.6
2024-12-16,Limerick,10.2,7.9,11.4,0.5,,16.2
2024-12-17,Cork,11.0,9.9,12.5,12.4,,33.2
2024-12-17,Dublin,10.9,6.1,14.7,1.2,,22.6
2024-12-17,Limerick,11.8,7.9,14.8,2.0,,26.0
2024-12-18,Cork,8.7,4.5,12.2,10.9,,23.7
2024-12-18,Dublin,9.5,10.0,10.2,0.7,,23.1
2024-12-18,Limerick,9.1,5.0,14.2,7.1,,17.6
2024-12-19,Cork,4.7,3.2,6.7,0.0,,18.9
2024-12-19,Dublin,3.6,2.3,7.5,0.3,,26.0
2024-12-19,Limerick,6.0,3.9,8.6,1.5,,15.3
2024-12-20,Cork,6.6,2.2,10.1,4.6,,19.0
2024-12-20,Dublin,6.6,2.8,11.7,0.7,,20.0
2024-12-20,Limerick,8.5,5.2,10.5,3.3,,18.8
2024-12-21,Cork,8.9,5.1,12.0,0.2,,30.0
2024-12-21,Dublin,7.7,6.2,11.1,1.1,,32.8
2024-12-21,Limerick,9.3,6.1,12.3,4.8,,38.2
2024-12-22,Cork,5.0,3.7,6.2,0.2,,33.8
2024-12-22,Dublin,3.6,2.0,6.9,0.9,,33.2
2024-12-22,Limerick,6.3,4.1,8.0,9.9,,33.8
2024-12-23,Cork,9.1,6.0,12.2,0.4,,14.7
2024-12-23,Dublin,7.3,2.2,12.2,0.6,,19.7
2024-12-23,Limerick,9.7,5.6,11.9,8.1,,17.0
2024-12-24,Cork,10.2,9.5,11.1,0.0,,15.0
2024-12-24,Dublin,11.5,5.7,12.5,0.1,,16.7
2024-12-24,Limerick,11.3,10.5,11.8,0.5,,16.8
2024-12-25,Cork,9.6,8.7,10.2,0.2,,17.1
2024-12-25,Dublin,10.5,10.3,11.6,0.0,,13.8
2024-12-25,Limerick,11.1,9.4,12.8,0.0,,13.2
2024-12-26,Cork,8.9,8.5,9.6,0.2,,10.8
2024-12-26,Dublin,8.3,5.3,9.2,0.0,,7.2
2024-12-26,Limerick,9.6,7.8,11.1,0.0,,12.2
2024-12-27,Cork,8.4,7.6,9.2,0.1,,8.2
2024-12-27,Dublin,8.3,7.4,10.7,0.0,,7.5
2024-12-27,Limerick,9.6,7.6,11.0,0.0,,10.0
2024-12-28,Cork,7.2,4.6,8.5,0.3,,7.2
2024-12-28,Dublin,8.9,7.6,10.2,0.1,,11.1
2024-12-28,Limerick,8.2,6.5,10.3,0.8,,10.0
2024-12-29,Cork,8.0,4.2,11.0,0.0,,12.3
2024-12-29,Dublin,8.7,7.4,10.4,0.0,,19.0
2024-12-29,Limerick,9.3,8.3,10.5,0.8,,16.7
2024-12-30,Cork,8.5,7.5,9.7,0.0,,23.2
2024-12-30,Dublin,8.9,8.2,11.0,1.2,,23.1
2024-12-30,Limerick,9.9,8.2,11.0,0.0,,20.0
2024-12-31,Cork,10.0,9.1,11.1,14.6,,37.5
2024-12-31,Dublin,9.6,8.3,11.5,19.7,,27.4
2024-12-31,Limerick,10.3,7.5,11.8,18.3,,27.6
2025-01-01,Cork,5.4,3.2,11.2,10.9,,19.7
2025-01-01,Dublin,4.8,5.2,7.1,0.4,,21.0
2025-01-01,Limerick,6.2,4.0,8.2,12.2,,16.0
2025-01-02,Cork,1.9,-0.5,4.5,0.0,,15.0
2025-01-02,Dublin,-0.1,-1.8,2.8,0.0,,15.9
2025-01-02,Limerick,1.3,-1.4,4.6,1.0,,9.5
2025-01-03,Cork,0.7,-1.0,3.2,0.0,,10.6
2025-01-03,Dublin,0.3,-1.9,2.7,0.0,,14.7
2025-01-03,Limerick,-0.6,-2.6,1.4,0.0,,6.8
2025-01-04,Cork,2.2,-0.4,3.7,14.8,,20.4
2025-01-04,Dublin,1.7,-1.4,4.4,14.5,,11.4
2025-01-04,Limerick,1.6,0.3,3.6,3.0,,13.5
2025-01-05,Cork,1.0,0.0,2.5,37.8,,29.0
2025-01-05,Dublin,2.7,-1.2,3.5,17.6,,27.3
2025-01-05,Limerick,1.1,0.3,2.6,24.9,,20.3
2025-01-06,Cork,1.3,0.7,2.5,0.0,,24.8
2025-01-06,Dublin,1.3,-0.4,3.9,0.1,,26.6
2025-01-06,Limerick,2.3,-0.4,3.5,1.0,,16.0
2025-01-07,Cork,1.5,0.1,3.6,0.0,,17.7
2025-01-07,Dublin,1.1,-0.1,3.3,0.0,,21.5
2025-01-07,Limerick,2.9,-1.4,5.0,1.0,,14.0
2025-01-08,Cork,0.1,-3.0,1.7,0.0,,18.6
2025-01-08,Dublin,-2.5,-2.8,-0.6,0.0,,9.9
2025-01-08,Limerick,-1.7,-3.0,0.3,0.0,,8.7
2025-01-09,Cork,-0.1,-3.5,2.5,0.0,,12.9
2025-01-09,Dublin,-1.8,-4.0,2.2,0.0,,16.1
2025-01-09,Limerick,-1.9,-6.6,2.9,0.0,,4.2
2025-01-10,Cork,5.5,1.2,7.7,7.4,,24.8
2025-01-10,Dublin,1.5,-4.4,6.1,0.4,,14.6
2025-01-10,Limerick,3.1,-1.8,5.5,2.3,,19.8
2025-01-11,Cork,7.0,4.7,9.2,0.0,,10.8
2025-01-11,Dublin,5.9,2.2,8.8,0.1,,15.2
2025-01-11,Limerick,6.4,3.8,9.6,1.8,,10.0
2025-01-12,Cork,8.4,4.6,10.1,1.5,,19.5
2025-01-12,Dublin,3.9,-1.4,11.9,0.0,,9.0
2025-01-12,Limerick,7.9,2.5,11.6,0.0,,20.7
2025-01-13,Cork,10.3,10.0,10.7,2.7,,27.6
2025-01-13,Dublin,11.5,-0.6,13.6,0.1,,22.0
2025-01-13,Limerick,12.2,10.4,13.8,4.1,,18.0
2025-01-14,Cork,10.1,8.2,11.1,0.1,,15.9
2025-01-14,Dublin,11.3,10.4,13.1,0.0,,12.3
2025-01-14,Limerick,11.4,8.3,13.8,0.0,,11.4
2025-01-15,Cork,8.3,6.7,10.1,0.0,,13.8
2025-01-15,Dublin,7.6,2.7,13.4,0.0,,8.0
2025-01-15,Limerick,8.6,6.7,12.1,0.3,,16.3
2025-01-16,Cork,9.2,7.7,10.0,0.0,,18.0
2025-01-16,Dublin,6.7,2.5,11.2,0.0,,9.2
2025-01-16,Limerick,9.1,6.5,11.2,0.0,,21.0
2025-01-17,Cork,8.9,7.7,9.6,0.1,,19.7
2025-01-17,Dublin,8.7,3.1,11.5,0.1,,10.2
2025-01-17,Limerick,10.3,5.8,12.3,0.0,,25.2
2025-01-18,Cork,8.9,8.0,9.7,0.0,,22.8
2025-01-18,Dublin,5.3,-0.7,11.5,0.0,,8.3
2025-01-18,Limerick,10.2,9.0,12.5,0.0,,22.5
2025-01-19,Cork,8.7,8.0,9.5,0.0,,18.4
2025-01-19,Dublin,6.0,-0.2,8.4,0.5,,13.0
2025-01-19,Limerick,9.7,8.8,10.6,0.0,,14.1
2025-01-20,Cork,8.4,7.7,9.2,2.0,,5.7
2025-01-20,Dublin,8.1,5.6,10.2,0.5,,6.3
2025-01-20,Limerick,8.2,6.2,9.5,3.0,,5.2
2025-01-21,Cork,6.6,5.1,8.5,3.4,,9.6
2025-01-21,Dublin,6.3,6.1,7.8,0.1,,8.7
2025-01-21,Limerick,6.3,4.5,9.4,0.0,,6.2
2025-01-22,Cork,4.9,2.7,7.7,0.0,,10.1
2025-01-22,Dublin,5.2,4.2,7.7,5.0,,7.3
2025-01-22,Limerick,5.3,2.8,8.6,0.7,,7.1
2025-01-23,Cork,6.2,3.5,10.0,17.8,,28.9
2025-01-23,Dublin,5.6,3.4,13.0,5.9,,18.5
2025-01-23,Limerick,6.4,5.6,8.6,15.2,,27.1
2025-01-24,Cork,5.5,0.0,11.1,21.6,,36.3
2025-01-24,Dublin,6.3,4.3,8.1,0.4,,35.1
2025-01-24,Limerick,6.8,2.1,12.9,10.4,,47.8
2025-01-25,Cork,1.5,-1.7,5.3,4.1,,13.5
2025-01-25,Dublin,3.1,0.7,7.2,0.8,,16.5
2025-01-25,Limerick,3.0,1.7,4.4,7.1,,16.5
2025-01-26,Cork,5.9,0.6,9.4,17.6,,33.6
2025-01-26,Dublin,5.2,-1.7,9.0,14.8,,23.4
2025-01-26,Limerick,5.6,0.3,9.1,5.1,,28.5
2025-01-27,Cork,6.6,4.9,9.0,11.4,,32.7
2025-01-27,Dublin,7.1,4.4,10.3,9.9,,18.8
2025-01-27,Limerick,7.6,5.6,11.1,0.8,,21.0
2025-01-28,Cork,6.7,4.0,8.5,0.4,,31.2
2025-01-28,Dublin,6.2,6.2,8.2,2.6,,23.0
2025-01-28,Limerick,7.6,4.7,9.9,2.0,,24.4
2025-01-29,Cork,4.1,2.2,6.7,0.0,,19.5
2025-01-29,Dublin,3.4,1.6,8.1,0.0,,17.6
2025-01-29,Limerick,4.1,0.7,7.9,0.5,,11.5
2025-01-30,Cork,4.9,1.7,8.5,0.2,,16.0
2025-01-30,Dublin,3.1,-1.7,7.5,2.9,,14.7
2025-01-30,Limerick,5.3,1.2,8.4,0.0,,12.6
2025-01-31,Cork,6.2,4.2,9.5,0.2,,13.0
2025-01-31,Dublin,5.2,1.6,9.5,0.1,,15.0
2025-01-31,Limerick,6.5,2.1,10.4,2.0,,10.3
2025-02-01,Cork,8.3,5.7,9.6,1.9,,26.7
2025-02-01,Dublin,5.5,-1.4,10.4,1.0,,17.2
2025-02-01,Limerick,9.7,6.1,11.5,0.0,,27.1
2025-02-02,Cork,7.1,4.1,9.7,11.1,,21.0
2025-02-02,Dublin,7.1,2.5,10.0,0.4,,13.6
2025-02-02,Limerick,7.8,4.9,10.0,15.2,,12.8
2025-02-03,Cork,9.3,7.2,10.2,2.5,,29.2
2025-02-03,Dublin,9.4,1.9,12.6,5.6,,23.6
2025-02-03,Limerick,11.1,6.5,12.5,0.0,,26.9
2025-02-04,Cork,7.0,1.6,10.0,9.4,,26.4
2025-02-04,Dublin,8.8,7.7,11.1,0.1,,23.7
2025-02-04,Limerick,8.1,5.4,11.4,8.9,,23.7
2025-02-05,Cork,5.0,1.7,9.1,0.0,,8.7
2025-02-05,Dublin,4.8,2.5,8.8,0.0,,12.0
2025-02-05,Limerick,5.9,2.8,10.1,2.0,,11.2
2025-02-06,Cork,5.1,2.7,7.7,0.0,,19.4
2025-02-06,Dublin,2.2,-2.3,9.4,0.0,,8.7
2025-02-06,Limerick,4.6,0.3,9.5,0.0,,15.0
2025-02-07,Cork,3.8,2.5,5.2,0.0,,22.1
2025-02-07,Dublin,3.4,-1.8,6.7,1.1,,24.6
2025-02-07,Limerick,3.4,1.0,5.8,0.0,,15.8
2025-02-08,Cork,2.9,0.6,5.1,0.0,,13.5
2025-02-08,Dublin,3.7,3.1,6.6,3.0,,15.9
2025-02-08,Limerick,2.6,-0.8,5.5,0.0,,10.2
2025-02-09,Cork,4.7,2.0,6.7,0.0,,22.2
2025-02-09,Dublin,5.7,3.0,7.4,0.1,,20.6
2025-02-09,Limerick,5.3,3.0,7.5,0.0,,18.2
2025-02-10,Cork,4.6,3.2,6.0,0.0,,21.3
2025-02-10,Dublin,4.9,5.2,6.0,6.9,,26.6
2025-02-10,Limerick,5.8,3.0,7.1,0.0,,15.7
2025-02-11,Cork,3.9,3.0,5.2,2.7,,24.2
2025-02-11,Dublin,4.7,4.1,6.0,0.3,,22.0
2025-02-11,Limerick,5.0,3.7,6.5,0.1,,17.6
2025-02-12,Cork,5.2,4.6,5.6,6.0,,26.4
2025-02-12,Dublin,5.4,4.8,7.0,0.0,,18.8
2025-02-12,Limerick,6.0,5.3,6.8,0.5,,20.4
2025-02-13,Cork,5.8,5.2,6.5,10.8,,32.4
2025-02-13,Dublin,4.9,5.6,5.7,4.4,,23.4
2025-02-13,Limerick,5.6,4.8,9.4,5.8,,26.0
2025-02-14,Cork,8.5,6.6,11.1,12.9,,21.9
2025-02-14,Dublin,4.5,3.9,6.1,6.0,,23.9
2025-02-14,Limerick,8.2,6.3,10.9,2.0,,20.8
2025-02-15,Cork,8.9,7.7,10.2,3.1,,21.3
2025-02-15,Dublin,5.8,3.4,7.2,3.1,,16.2
2025-02-15,Limerick,8.9,6.3,11.6,0.0,,17.6
2025-02-16,Cork,7.7,7.1,8.3,13.2,,24.9
2025-02-16,Dublin,6.2,5.3,8.2,0.7,,18.6
2025-02-16,Limerick,8.6,7.3,10.1,1.0,,21.6
2025-02-17,Cork,8.1,7.2,9.2,7.4,,31.0
2025-02-17,Dublin,5.2,4.2,7.6,0.7,,23.1
2025-02-17,Limerick,8.8,7.8,9.9,0.5,,27.9
2025-02-18,Cork,8.9,7.7,9.5,6.2,,36.3
2025-02-18,Dublin,6.4,4.8,8.3,0.4,,25.6
2025-02-18,Limerick,10.0,8.8,10.6,0.5,,29.8
2025-02-19,Cork,9.7,8.0,11.5,12.9,,28.4
2025-02-19,Dublin,9.1,6.4,13.8,3.1,,25.8
2025-02-19,Limerick,10.4,7.0,13.3,5.1,,23.0
2025-02-20,Cork,11.2,10.4,13.0,6.2,,36.8
2025-02-20,Dublin,12.4,8.0,13.9,4.6,,24.8
2025-02-20,Limerick,12.9,9.9,13.8,5.3,,28.8
2025-02-21,Cork,10.3,8.5,11.6,18.4,,33.9
2025-02-21,Dublin,11.3,9.3,14.4,3.9,,25.5
2025-02-21,Limerick,11.2,8.6,13.2,10.9,,28.4
2025-02-22,Cork,8.3,4.5,12.0,0.0,,17.8
2025-02-22,Dublin,9.2,7.0,12.6,1.4,,16.4
2025-02-22,Limerick,9.6,7.4,12.6,1.0,,18.8
2025-02-23,Cork,10.0,9.0,11.7,19.8,,38.6
2025-02-23,Dublin,11.0,5.4,13.7,5.7,,30.0
2025-02-23,Limerick,11.8,9.8,14.4,0.8,,38.2
2025-02-24,Cork,7.0,4.1,10.2,1.0,,21.8
2025-02-24,Dublin,8.3,7.3,12.9,2.5,,19.0
2025-02-24,Limerick,8.3,6.4,9.9,9.1,,22.8
2025-02-25,Cork,5.3,2.7,9.1,4.8,,15.6
2025-02-25,Dublin,5.6,4.3,10.7,0.5,,18.3
2025-02-25,Limerick,6.7,5.1,8.8,1.8,,18.3
2025-02-26,Cork,5.1,3.1,7.6,0.7,,22.3
2025-02-26,Dublin,5.3,2.2,8.8,1.2,,27.0
2025-02-26,Limerick,6.3,3.6,8.6,3.6,,21.8
2025-02-27,Cork,5.5,2.2,10.1,0.0,,12.2
2025-02-27,Dublin,4.4,0.5,10.3,0.0,,15.3
2025-02-27,Limerick,4.9,-0.7,10.6,0.0,,7.2
2025-02-28,Cork,5.1,2.2,8.1,0.0,,10.8
2025-02-28,Dublin,4.2,-1.5,11.3,0.0,,10.9
2025-02-28,Limerick,5.6,1.5,10.8,0.0,,16.3
2025-03-01,Cork,7.5,4.2,10.1,0.0,,9.5
2025-03-01,Dublin,6.7,1.0,12.1,0.0,,9.6
2025-03-01,Limerick,7.6,3.3,11.2,0.0,,10.4
2025-03-02,Cork,6.8,2.7,9.2,0.0,,10.5
2025-03-02,Dublin,8.2,6.6,11.0,0.0,,11.2
2025-03-02,Limerick,8.6,6.4,10.8,0.0,,11.9
2025-03-03,Cork,6.1,3.6,9.7,0.0,,9.3
2025-03-03,Dublin,9.1,6.2,13.2,0.0,,12.5
2025-03-03,Limerick,8.8,5.9,12.8,0.0,,10.5
2025-03-04,Cork,5.1,0.0,9.2,0.0,,15.8
2025-03-04,Dublin,6.9,2.4,11.1,0.0,,16.0
2025-03-04,Limerick,7.7,3.3,13.1,0.0,,16.8
2025-03-05,Cork,7.8,6.7,9.5,0.0,,22.8
2025-03-05,Dublin,8.8,6.3,13.2,0.0,,19.2
2025-03-05,Limerick,9.9,7.7,12.0,1.3,,21.0
2025-03-06,Cork,9.5,8.0,11.1,1.1,,21.6
2025-03-06,Dublin,9.5,4.9,13.1,3.4,,16.0
2025-03-06,Limerick,10.2,7.4,12.8,0.0,,19.0
2025-03-07,Cork,9.0,7.7,10.7,1.2,,17.2
2025-03-07,Dublin,9.2,8.1,11.6,1.4,,12.5
2025-03-07,Limerick,8.5,5.3,12.1,2.3,,10.8
2025-03-08,Cork,9.3,8.2,10.1,2.1,,25.0
2025-03-08,Dublin,10.3,6.9,13.8,0.1,,12.0
2025-03-08,Limerick,10.8,9.0,12.4,0.3,,17.2
2025-03-09,Cork,11.4,8.6,15.7,0.0,,20.6
2025-03-09,Dublin,8.8,6.0,13.5,0.0,,15.0
2025-03-09,Limerick,11.1,6.2,17.0,0.0,,16.5
2025-03-10,Cork,9.2,6.7,12.0,0.0,,15.4
2025-03-10,Dublin,7.8,2.9,11.9,0.0,,21.9
2025-03-10,Limerick,9.8,5.4,14.9,0.0,,18.6
2025-03-11,Cork,6.2,3.2,8.2,0.0,,18.3
2025-03-11,Dublin,5.3,5.1,8.2,0.0,,20.6
2025-03-11,Limerick,6.6,3.1,9.7,0.0,,17.8
2025-03-12,Cork,4.9,2.0,8.6,0.0,,18.8
2025-03-12,Dublin,4.7,1.9,10.3,0.0,,21.1
2025-03-12,Limerick,6.0,2.2,10.3,0.0,,15.2
2025-03-13,Cork,4.7,0.5,8.5,0.0,,15.6
2025-03-13,Dublin,3.2,-1.2,8.0,1.5,,11.2
2025-03-13,Limerick,6.2,1.4,9.8,0.0,,12.5
2025-03-14,Cork,5.3,3.5,7.5,,,16.8
2025-03-14,Dublin,4.4,2.9,8.7,0.2,,14.6
2025-03-14,Limerick,6.6,3.3,9.8,0.5,,13.6
2025-03-15,Cork,5.1,0.7,9.7,,,11.2
2025-03-15,Dublin,3.4,-2.4,10.5,0.0,,9.2
2025-03-15,Limerick,5.3,-1.2,11.9,0.0,,6.9
2025-03-16,Cork,6.0,3.5,8.5,,,12.0
2025-03-16,Dublin,6.2,3.1,10.7,0.0,,14.1
2025-03-16,Limerick,7.4,4.7,10.3,0.0,,11.2
2025-03-17,Cork,6.3,4.5,7.2,,,21.8
2025-03-17,Dublin,6.7,6.9,8.0,0.0,,21.9
2025-03-17,Limerick,7.8,6.5,10.0,0.0,,13.8
2025-03-18,Cork,6.7,5.6,7.7,,,26.7
2025-03-18,Dublin,5.6,5.0,10.5,0.0,,17.6
2025-03-18,Limerick,7.9,6.0,10.4,0.0,,20.2
2025-03-19,Cork,7.7,5.2,11.2,,,20.4
2025-03-19,Dublin,5.2,-0.6,11.1,0.0,,12.6
2025-03-19,Limerick,8.1,0.4,16.1,0.0,,12.0
2025-03-20,Cork,9.5,6.6,12.8,,,22.0
2025-03-20,Dublin,9.4,4.0,15.8,0.0,,12.9
2025-03-20,Limerick,11.8,6.6,18.5,0.0,,20.7
2025-03-21,Cork,9.5,8.7,10.5,,,18.2
2025-03-21,Dublin,10.8,8.8,13.8,2.4,,15.4
2025-03-21,Limerick,11.8,9.7,14.5,7.1,,15.2
2025-03-22,Cork,7.1,6.1,9.0,4.3,,32.1
2025-03-22,Dublin,9.7,8.6,14.6,4.0,,16.0
2025-03-22,Limerick,8.4,6.7,9.9,12.2,,23.1
2025-03-23,Cork,7.2,4.5,10.2,0.0,,32.8
2025-03-23,Dublin,7.7,5.5,11.0,0.3,,23.1
2025-03-23,Limerick,8.2,4.7,11.5,0.0,,21.3
2025-03-24,Cork,8.0,2.2,13.5,0.0,,13.6
2025-03-24,Dublin,7.8,1.9,14.3,0.0,,15.0
2025-03-24,Limerick,7.6,0.9,13.0,0.0,,10.8
2025-03-25,Cork,11.0,9.0,14.2,0.0,,11.0
2025-03-25,Dublin,9.4,6.5,13.9,0.0,,14.6
2025-03-25,Limerick,10.7,7.4,12.1,1.0,,10.2
2025-03-26,Cork,8.6,5.2,11.0,0.1,,13.7
2025-03-26,Dublin,10.4,4.8,15.4,0.0,,10.6
2025-03-26,Limerick,10.8,6.4,16.8,0.0,,11.7
2025-03-27,Cork,9.6,8.0,11.0,2.2,,24.0
2025-03-27,Dublin,11.3,7.9,16.6,0.9,,21.3
2025-03-27,Limerick,11.1,8.4,15.4,2.0,,20.9
2025-03-28,Cork,7.0,4.2,10.1,0.2,,21.4
2025-03-28,Dublin,6.8,5.6,10.9,1.8,,25.8
2025-03-28,Limerick,8.3,6.7,10.5,2.8,,25.0
2025-03-29,Cork,9.2,4.5,14.2,0.2,,18.3
2025-03-29,Dublin,8.3,4.1,12.7,0.3,,20.2
2025-03-29,Limerick,9.8,6.3,12.3,0.8,,23.9
2025-03-30,Cork,11.9,8.2,16.2,0.0,,12.7
2025-03-30,Dublin,10.9,7.1,16.2,0.0,,22.4
2025-03-30,Limerick,11.6,7.4,14.5,0.0,,13.3
2025-03-31,Cork,11.0,7.7,14.1,0.0,,12.5
2025-03-31,Dublin,12.6,10.1,17.0,0.0,,11.4
2025-03-31,Limerick,13.4,9.8,17.8,0.0,,14.2
2025-04-01,Cork,9.1,7.6,11.2,0.0,,28.0
2025-04-01,Dublin,9.4,4.7,15.0,0.0,,15.2
2025-04-01,Limerick,11.5,8.4,15.2,0.0,,19.2
2025-04-02,Cork,9.8,7.2,12.6,0.0,,26.2
2025-04-02,Dublin,9.8,5.7,13.8,0.0,,19.3
2025-04-02,Limerick,12.0,8.0,16.5,0.0,,19.2
2025-04-03,Cork,10.4,6.1,14.1,1.0,,26.4
2025-04-03,Dublin,9.7,5.6,14.9,0.2,,23.9
2025-04-03,Limerick,11.8,5.2,18.9,0.0,,19.4
2025-04-04,Cork,12.0,9.5,15.1,1.1,,26.8
2025-04-04,Dublin,11.0,9.5,14.8,0.0,,22.0
2025-04-04,Limerick,13.8,11.4,17.0,0.0,,21.2
2025-04-05,Cork,11.9,9.2,13.5,0.0,,32.8
2025-04-05,Dublin,8.8,7.1,12.9,0.0,,23.4
2025-04-05,Limerick,14.3,9.0,19.4,0.0,,20.8
2025-04-06,Cork,9.6,7.2,12.2,0.0,,23.0
2025-04-06,Dublin,8.3,3.3,14.2,0.0,,13.9
2025-04-06,Limerick,12.4,8.4,16.7,0.0,,18.5
2025-04-07,Cork,9.3,5.0,14.5,0.0,,13.5
2025-04-07,Dublin,7.6,1.0,14.5,0.0,,10.2
2025-04-07,Limerick,12.2,7.2,18.7,0.0,,11.8
2025-04-08,Cork,9.8,5.7,14.4,0.0,,13.4
2025-04-08,Dublin,7.6,1.9,16.6,0.0,,8.5
2025-04-08,Limerick,12.3,6.7,18.9,0.0,,11.2
2025-04-09,Cork,10.7,5.6,16.0,0.0,,12.5
2025-04-09,Dublin,7.6,1.5,15.4,0.0,,10.5
2025-04-09,Limerick,12.0,3.4,20.4,0.0,,8.1
2025-04-10,Cork,10.4,6.2,15.5,0.0,,9.2
2025-04-10,Dublin,9.5,2.2,18.2,0.0,,8.3
2025-04-10,Limerick,11.7,4.4,19.2,0.0,,7.8
2025-04-11,Cork,11.4,6.7,16.5,0.0,,11.4
2025-04-11,Dublin,11.9,4.7,20.1,0.0,,10.2
2025-04-11,Limerick,12.3,8.5,20.3,0.0,,9.0
2025-04-12,Cork,8.5,4.7,14.7,0.0,,12.4
2025-04-12,Dublin,9.2,2.8,15.5,0.0,,10.6
2025-04-12,Limerick,9.3,4.8,13.6,0.0,,12.6
2025-04-13,Cork,7.2,4.0,10.6,2.7,,17.2
2025-04-13,Dublin,7.1,3.3,13.4,1.6,,14.7
2025-04-13,Limerick,8.2,4.9,11.7,13.7,,16.8
2025-04-14,Cork,8.2,5.0,11.6,0.1,,14.6
2025-04-14,Dublin,9.4,4.9,14.8,0.0,,13.4
2025-04-14,Limerick,8.8,5.5,12.6,1.3,,19.0
2025-04-15,Cork,7.6,4.0,11.6,0.0,,21.2
2025-04-15,Dublin,8.1,4.6,11.7,25.3,,17.7
2025-04-15,Limerick,8.7,4.4,13.0,0.0,,16.2
2025-04-16,Cork,7.8,2.7,12.6,0.6,,17.6
2025-04-16,Dublin,6.0,4.4,9.9,4.3,,25.4
2025-04-16,Limerick,7.8,2.5,12.5,0.0,,18.2
2025-04-17,Cork,7.4,3.7,11.1,,,14.2
2025-04-17,Dublin,7.5,0.4,13.1,7.4,,12.3
2025-04-17,Limerick,8.3,2.6,14.1,0.0,,10.6
2025-04-18,Cork,9.5,6.9,11.1,,,23.1
2025-04-18,Dublin,8.3,7.7,9.7,14.5,,20.1
2025-04-18,Limerick,8.7,6.6,10.9,26.9,,24.9
2025-04-19,Cork,10.0,9.5,10.7,,,15.2
2025-04-19,Dublin,9.3,7.7,10.4,3.5,,17.1
2025-04-19,Limerick,11.0,9.6,12.5,8.9,,12.9
2025-04-20,Cork,8.9,7.7,12.5,,,12.8
2025-04-20,Dublin,9.6,8.9,12.9,2.1,,12.8
2025-04-20,Limerick,10.4,8.4,13.9,1.3,,10.6
2025-04-21,Cork,9.3,5.2,13.1,0.9,,15.0
2025-04-21,Dublin,9.8,7.7,15.7,1.7,,13.2
2025-04-21,Limerick,10.5,7.6,13.4,2.0,,17.2
2025-04-22,Cork,9.0,4.2,12.7,7.1,,19.7
2025-04-22,Dublin,9.3,3.6,14.5,7.5,,17.1
2025-04-22,Limerick,10.2,7.4,12.3,7.1,,21.9
2025-04-23,Cork,10.8,8.5,13.7,0.0,,17.6
2025-04-23,Dublin,9.5,8.3,14.7,0.0,,19.4
2025-04-23,Limerick,11.1,8.8,13.4,0.8,,11.7
2025-04-24,Cork,10.7,9.2,11.7,8.8,,16.5
2025-04-24,Dublin,10.0,4.2,17.3,8.8,,13.2
2025-04-24,Limerick,12.2,10.6,14.3,4.1,,17.4
2025-04-25,Cork,11.3,9.0,13.1,9.7,,14.6
2025-04-25,Dublin,10.7,9.6,13.8,3.2,,18.8
2025-04-25,Limerick,12.1,10.7,15.3,19.1,,9.9
2025-04-26,Cork,10.3,6.2,14.5,0.0,,14.8
2025-04-26,Dublin,12.8,10.3,18.8,0.0,,11.4
2025-04-26,Limerick,12.6,6.7,17.4,7.1,,13.4
2025-04-27,Cork,12.1,11.2,13.7,1.0,,23.7
2025-04-27,Dublin,13.9,10.4,18.5,0.0,,18.4
2025-04-27,Limerick,14.8,12.8,17.6,0.0,,21.6
2025-04-28,Cork,11.9,10.0,14.6,0.0,,17.7
2025-04-28,Dublin,13.8,11.6,19.9,0.0,,11.8
2025-04-28,Limerick,14.9,12.6,18.6,1.0,,18.7
2025-04-29,Cork,13.3,9.2,18.0,0.0,,19.5
2025-04-29,Dublin,12.8,7.7,20.5,0.0,,10.8
2025-04-29,Limerick,15.9,9.9,22.0,1.0,,12.0
2025-04-30,Cork,15.0,11.0,19.2,0.0,,14.5
2025-04-30,Dublin,13.9,7.0,22.8,0.0,,10.4
2025-04-30,Limerick,17.1,8.9,24.9,0.0,,9.7
2025-05-01,Cork,16.4,10.7,22.5,1.3,,15.3
2025-05-01,Dublin,13.6,8.7,20.5,0.0,,12.2
2025-05-01,Limerick,13.5,9.8,18.0,0.0,,13.1
2025-05-02,Cork,12.2,8.7,17.5,0.0,,17.1
2025-05-02,Dublin,9.8,6.2,16.6,0.0,,12.5
2025-05-02,Limerick,12.1,6.2,18.0,0.0,,14.2
2025-05-03,Cork,11.1,5.7,16.1,0.0,,19.0
2025-05-03,Dublin,9.5,4.5,16.2,0.0,,17.7
2025-05-03,Limerick,11.7,5.4,17.8,0.0,,15.0
2025-05-04,Cork,10.0,5.5,15.0,0.0,,14.8
2025-05-04,Dublin,7.3,2.9,12.4,0.0,,17.2
2025-05-04,Limerick,10.7,4.5,15.6,0.0,,16.2
2025-05-05,Cork,9.1,5.0,12.7,0.0,,15.4
2025-05-05,Dublin,8.0,4.2,12.6,0.0,,14.8
2025-05-05,Limerick,10.7,3.5,15.8,0.0,,8.1
2025-05-06,Cork,9.9,6.0,14.1,0.0,,9.6
2025-05-06,Dublin,8.4,1.1,16.0,0.0,,8.2
2025-05-06,Limerick,11.6,3.5,17.8,0.0,,8.2
2025-05-07,Cork,11.7,7.5,16.0,0.0,,12.3
2025-05-07,Dublin,10.2,4.9,17.0,0.0,,9.9
2025-05-07,Limerick,13.4,6.2,19.5,0.0,,8.6
2025-05-08,Cork,11.4,8.0,14.5,0.0,,13.5
2025-05-08,Dublin,9.6,5.0,14.1,0.0,,14.6
2025-05-08,Limerick,13.3,7.0,17.4,0.0,,10.4
2025-05-09,Cork,10.8,7.2,15.5,0.0,,9.5
2025-05-09,Dublin,9.6,3.0,16.4,0.0,,11.4
2025-05-09,Limerick,13.8,7.4,19.6,0.0,,8.9
2025-05-10,Cork,11.9,7.2,17.5,0.0,,8.7
2025-05-10,Dublin,11.3,3.3,18.9,0.0,,11.0
2025-05-10,Limerick,13.8,9.1,19.7,0.0,,13.1
2025-05-11,Cork,12.8,8.0,18.2,0.0,,13.2
2025-05-11,Dublin,12.2,4.9,19.9,3.4,,9.6
2025-05-11,Limerick,12.6,8.8,17.6,0.0,,11.1
2025-05-12,Cork,12.2,8.2,16.7,1.1,,25.9
2025-05-12,Dublin,12.8,9.4,18.9,2.0,,14.4
2025-05-12,Limerick,13.3,8.1,17.5,0.4,,12.8
2025-05-13,Cork,14.6,11.6,18.0,0.5,,18.4
2025-05-13,Dublin,14.4,9.7,19.6,0.0,,16.2
2025-05-13,Limerick,17.2,9.6,24.0,0.3,,12.9
2025-05-14,Cork,14.4,10.7,18.5,0.5,,13.5
2025-05-14,Dublin,12.7,9.9,16.9,0.0,,17.7
2025-05-14,Limerick,17.8,12.6,24.0,1.3,,9.0
2025-05-15,Cork,14.4,9.7,19.0,0.0,,13.1
2025-05-15,Dublin,12.1,7.0,17.9,0.0,,12.2
2025-05-15,Limerick,17.3,5.9,23.6,1.0,,7.5
2025-05-16,Cork,13.3,9.6,17.1,0.0,,11.8
2025-05-16,Dublin,12.3,6.5,19.6,0.0,,12.2
2025-05-16,Limerick,16.8,8.5,23.3,0.0,,10.1
2025-05-17,Cork,13.6,9.0,19.5,0.0,,14.1
2025-05-17,Dublin,12.2,5.3,17.4,0.0,,14.2
2025-05-17,Limerick,17.1,7.8,24.7,0.0,,9.8
2025-05-18,Cork,13.4,8.5,18.7,0.0,,11.7
2025-05-18,Dublin,12.6,6.5,18.5,0.0,,13.4
2025-05-18,Limerick,17.4,8.6,24.1,0.0,,10.6
2025-05-19,Cork,13.5,9.2,17.5,0.0,,15.9
2025-05-19,Dublin,10.5,7.5,14.8,0.0,,15.0
2025-05-19,Limerick,14.1,7.7,21.5,2.0,,11.0
2025-05-20,Cork,12.8,10.2,15.7,1.6,,11.1
2025-05-20,Dublin,10.4,5.1,17.9,9.2,,8.9
2025-05-20,Limerick,13.1,11.3,17.1,4.1,,10.4
2025-05-21,Cork,14.5,8.7,20.5,0.0,,15.8
2025-05-21,Dublin,14.0,7.6,22.4,0.0,,13.5
2025-05-21,Limerick,14.9,7.6,21.1,2.0,,10.2
2025-05-22,Cork,15.4,10.1,21.2,0.0,,18.3
2025-05-22,Dublin,11.4,6.7,17.5,0.0,,15.3
2025-05-22,Limerick,14.7,9.6,20.3,0.0,,11.0
2025-05-23,Cork,14.7,10.5,18.0,0.3,,14.6
2025-05-23,Dublin,12.4,5.4,19.4,3.1,,12.8
2025-05-23,Limerick,14.6,9.9,18.1,0.3,,14.6
2025-05-24,Cork,14.4,12.7,15.7,2.4,,23.4
2025-05-24,Dublin,15.7,14.3,18.6,2.0,,19.5
2025-05-24,Limerick,16.1,13.7,18.5,5.1,,27.2
2025-05-25,Cork,12.2,9.7,15.7,0.1,,27.4
2025-05-25,Dublin,12.0,9.4,16.3,1.9,,26.6
2025-05-25,Limerick,12.6,10.5,14.5,4.1,,30.8
2025-05-26,Cork,11.2,7.5,14.1,2.3,,23.7
2025-05-26,Dublin,11.2,7.8,14.7,6.4,,19.8
2025-05-26,Limerick,12.3,10.3,15.6,13.2,,24.4
2025-05-27,Cork,13.4,9.4,17.8,7.1,,22.9
2025-05-27,Dublin,11.1,8.9,14.7,5.9,,11.9
2025-05-27,Limerick,12.5,10.0,15.4,14.0,,18.3
2025-05-28,Cork,13.7,8.2,18.2,4.4,,18.3
2025-05-28,Dublin,13.8,9.5,19.2,3.3,,14.2
2025-05-28,Limerick,14.3,11.0,18.2,1.3,,19.4
2025-05-29,Cork,14.3,13.7,15.3,0.1,,29.2
2025-05-29,Dublin,16.3,11.9,19.5,9.4,,17.2
2025-05-29,Limerick,16.4,13.0,17.4,7.9,,28.5
2025-05-30,Cork,14.8,12.0,18.6,1.6,,17.7
2025-05-30,Dublin,17.1,13.9,22.9,0.0,,14.4
2025-05-30,Limerick,16.7,14.1,20.3,0.5,,19.7
2025-05-31,Cork,13.8,10.7,17.5,1.6,,21.2
2025-05-31,Dublin,15.2,13.7,19.7,1.2,,18.4
2025-05-31,Limerick,14.4,11.6,16.6,2.0,,25.2
2025-06-01,Cork,12.7,10.1,16.5,0.1,,25.0
2025-06-01,Dublin,13.1,9.5,18.5,0.2,,23.6
2025-06-01,Limerick,13.8,11.1,16.7,2.3,,25.3
2025-06-02,Cork,11.4,8.0,14.6,7.5,,23.0
2025-06-02,Dublin,11.8,6.2,17.9,10.2,,23.1
2025-06-02,Limerick,13.1,9.3,17.0,1.0,,24.0
2025-06-03,Cork,11.9,8.7,15.0,3.9,,21.0
2025-06-03,Dublin,11.7,9.0,17.1,1.0,,21.0
2025-06-03,Limerick,12.3,10.0,15.1,15.7,,25.3
2025-06-04,Cork,11.0,7.1,14.7,1.6,,16.0
2025-06-04,Dublin,11.2,7.4,16.1,3.6,,15.6
2025-06-04,Limerick,11.8,8.4,14.0,3.3,,18.4
2025-06-05,Cork,12.0,10.1,15.7,6.4,,16.8
2025-06-05,Dublin,12.4,10.5,17.7,2.2,,15.2
2025-06-05,Limerick,13.0,10.5,16.5,2.8,,19.2
2025-06-06,Cork,10.6,6.5,14.5,1.1,,15.8
2025-06-06,Dublin,11.3,6.4,17.0,1.6,,15.5
2025-06-06,Limerick,11.9,9.4,14.9,3.8,,18.2
2025-06-07,Cork,11.0,8.7,14.2,1.5,,17.7
2025-06-07,Dublin,10.3,9.2,15.2,0.6,,17.6
2025-06-07,Limerick,12.2,10.0,14.8,1.0,,18.6
2025-06-08,Cork,11.6,7.5,14.5,0.8,,14.7
2025-06-08,Dublin,10.7,5.1,16.5,0.3,,15.6
2025-06-08,Limerick,12.7,9.2,14.6,0.0,,18.4
2025-06-09,Cork,12.5,10.6,14.5,0.6,,18.7
2025-06-09,Dublin,13.4,10.1,16.2,3.1,,15.8
2025-06-09,Limerick,13.8,12.0,15.8,3.2,,18.7
2025-06-10,Cork,14.5,11.2,17.5,0.2,,13.6
2025-06-10,Dublin,14.0,10.3,19.0,0.0,,15.8
2025-06-10,Limerick,15.3,11.8,18.5,3.0,,11.1
2025-06-11,Cork,12.5,11.0,14.0,1.7,,17.4
2025-06-11,Dublin,14.7,8.9,22.3,3.4,,11.7
2025-06-11,Limerick,15.3,13.0,18.2,0.0,,16.5
2025-06-12,Cork,14.5,13.7,16.2,3.5,,18.2
2025-06-12,Dublin,14.7,14.1,17.3,21.3,,12.3
2025-06-12,Limerick,16.8,14.7,18.7,2.8,,15.0
2025-06-13,Cork,14.1,11.2,17.0,20.6,,20.0
2025-06-13,Dublin,16.4,14.3,21.0,13.6,,16.0
2025-06-13,Limerick,16.7,13.3,19.7,0.3,,18.9
2025-06-14,Cork,14.7,11.0,18.5,13.5,,15.6
2025-06-14,Dublin,13.9,13.1,16.8,13.8,,11.6
2025-06-14,Limerick,15.0,12.9,18.2,6.1,,16.0
2025-06-15,Cork,15.4,10.0,21.5,0.2,,15.6
2025-06-15,Dublin,14.5,9.6,19.7,0.2,,16.0
2025-06-15,Limerick,15.3,12.3,18.1,0.3,,18.5
2025-06-16,Cork,14.0,9.2,18.2,0.0,,17.7
2025-06-16,Dublin,16.6,10.7,22.8,0.0,,14.4
2025-06-16,Limerick,16.7,11.9,21.4,1.0,,16.7
2025-06-17,Cork,16.8,13.2,21.2,0.4,,19.2
2025-06-17,Dublin,17.2,14.1,23.4,0.0,,17.7
2025-06-17,Limerick,16.1,12.9,19.2,1.3,,17.4
2025-06-18,Cork,14.8,10.5,18.7,0.0,,11.6
2025-06-18,Dublin,15.1,12.1,20.1,0.0,,12.0
2025-06-18,Limerick,16.1,11.3,22.8,0.0,,10.4
2025-06-19,Cork,16.2,11.0,20.6,0.0,,17.2
2025-06-19,Dublin,16.5,12.9,23.5,0.0,,14.8
2025-06-19,Limerick,19.4,10.9,25.9,0.0,,13.0
2025-06-20,Cork,17.7,13.5,20.5,0.0,,14.4
2025-06-20,Dublin,20.0,14.1,25.8,0.0,,12.5
2025-06-20,Limerick,21.3,17.7,26.4,0.0,,14.8
2025-06-21,Cork,15.4,12.0,18.7,0.7,,12.3
2025-06-21,Dublin,19.0,15.2,25.3,0.0,,9.4
2025-06-21,Limerick,18.6,16.0,23.1,0.3,,9.6
2025-06-22,Cork,15.2,12.6,18.1,3.2,,20.2
2025-06-22,Dublin,16.2,14.9,19.7,4.1,,20.2
2025-06-22,Limerick,15.3,13.6,17.2,5.1,,24.6
2025-06-23,Cork,14.3,10.5,18.7,0.0,,17.8
2025-06-23,Dublin,14.4,10.5,19.7,1.3,,21.9
2025-06-23,Limerick,15.3,12.5,17.3,0.5,,25.0
2025-06-24,Cork,16.4,14.5,19.5,1.2,,21.3
2025-06-24,Dublin,16.9,14.6,21.5,0.2,,18.2
2025-06-24,Limerick,16.2,14.9,17.3,5.1,,24.6
2025-06-25,Cork,15.1,12.2,19.5,1.7,,14.6
2025-06-25,Dublin,16.7,12.9,21.9,1.9,,13.2
2025-06-25,Limerick,16.1,13.3,18.8,0.0,,13.4
2025-06-26,Cork,14.3,11.1,16.9,2.1,,22.3
2025-06-26,Dublin,15.0,12.6,20.3,2.1,,17.1
2025-06-26,Limerick,14.8,12.0,17.3,4.1,,21.2
2025-06-27,Cork,15.9,12.6,17.5,0.5,,26.6
2025-06-27,Dublin,18.7,12.8,23.9,0.0,,21.9
2025-06-27,Limerick,18.3,14.6,21.6,0.5,,22.5
2025-06-28,Cork,16.7,15.7,19.0,0.6,,21.6
2025-06-28,Dublin,18.2,19.0,22.8,1.7,,18.6
2025-06-28,Limerick,16.7,14.9,18.5,21.1,,14.8
2025-06-29,Cork,16.7,15.5,18.6,0.0,,14.6
2025-06-29,Dublin,18.1,13.4,25.1,0.0,,11.4
2025-06-29,Limerick,19.2,14.8,24.4,0.0,,14.7
2025-06-30,Cork,16.6,14.7,18.7,0.4,,15.5
2025-06-30,Dublin,18.7,16.6,23.0,1.9,,14.2
2025-06-30,Limerick,17.8,13.8,20.7,6.1,,18.9
2025-07-01,Cork,14.6,11.5,18.0,0.3,,17.7
2025-07-01,Dublin,13.8,12.5,17.1,1.0,,12.8
2025-07-01,Limerick,14.9,11.9,17.7,1.0,,13.4
2025-07-02,Cork,14.3,10.0,18.8,0.8,,18.9
2025-07-02,Dublin,13.7,9.6,19.8,1.0,,16.2
2025-07-02,Limerick,14.2,9.5,18.1,1.0,,14.8
2025-07-03,Cork,15.1,10.1,21.0,0.0,,15.0
2025-07-03,Dublin,14.7,7.3,21.1,1.0,,15.4
2025-07-03,Limerick,15.6,11.4,18.7,0.0,,21.8
2025-07-04,Cork,15.0,11.5,18.2,0.6,,23.0
2025-07-04,Dublin,15.7,12.8,20.2,0.0,,20.1
2025-07-04,Limerick,16.2,14.5,18.1,42.9,,28.8
2025-07-05,Cork,18.2,14.5,24.0,0.2,,19.8
2025-07-05,Dublin,17.3,15.8,21.5,0.0,,21.6
2025-07-05,Limerick,16.4,15.3,18.5,3.0,,25.5
2025-07-06,Cork,14.8,12.2,17.7,0.0,,26.2
2025-07-06,Dublin,14.6,12.5,19.3,1.0,,22.5
2025-07-06,Limerick,15.2,12.8,18.8,0.3,,21.4
2025-07-07,Cork,15.1,11.0,20.2,0.0,,24.9
2025-07-07,Dublin,14.8,9.4,21.5,0.0,,26.8
2025-07-07,Limerick,14.9,10.7,18.0,0.0,,17.7
2025-07-08,Cork,17.6,12.5,24.5,0.0,,18.0
2025-07-08,Dublin,16.2,12.6,21.4,0.0,,12.8
2025-07-08,Limerick,16.0,13.2,19.4,0.0,,17.8
2025-07-09,Cork,17.3,11.2,24.0,0.0,,17.4
2025-07-09,Dublin,17.9,14.1,25.5,0.0,,12.6
2025-07-09,Limerick,16.3,13.6,19.4,0.0,,12.9
2025-07-10,Cork,17.5,12.5,22.2,0.0,,13.4
2025-07-10,Dublin,17.5,12.7,24.1,0.0,,14.8
2025-07-10,Limerick,18.7,13.3,25.8,0.0,,8.1
2025-07-11,Cork,17.5,12.0,23.1,0.0,,11.1
2025-07-11,Dublin,19.8,11.1,29.0,0.0,,8.2
2025-07-11,Limerick,19.9,13.0,27.0,0.0,,14.0
2025-07-12,Cork,19.8,15.0,25.2,0.0,,16.5
2025-07-12,Dublin,20.5,14.0,27.9,0.0,,12.3
2025-07-12,Limerick,23.0,16.2,29.9,0.0,,15.3
2025-07-13,Cork,18.5,13.7,23.2,3.6,,17.0
2025-07-13,Dublin,19.4,14.1,24.0,0.0,,12.8
2025-07-13,Limerick,21.2,16.3,26.4,2.0,,16.8
2025-07-14,Cork,13.3,11.0,16.5,10.0,,23.3
2025-07-14,Dublin,16.2,15.5,20.1,1.8,,17.3
2025-07-14,Limerick,14.8,12.9,17.0,10.9,,23.1
2025-07-15,Cork,14.0,12.6,16.0,2.2,,26.6
2025-07-15,Dublin,15.4,13.1,20.0,14.0,,23.7
2025-07-15,Limerick,16.2,13.5,19.1,39.9,,31.6
2025-07-16,Cork,14.4,13.0,16.3,15.8,,11.7
2025-07-16,Dublin,15.6,10.3,21.1,0.0,,13.6
2025-07-16,Limerick,15.8,12.3,18.1,5.1,,12.3
2025-07-17,Cork,16.1,13.7,17.0,5.0,,15.9
2025-07-17,Dublin,17.9,14.9,23.5,1.0,,11.0
2025-07-17,Limerick,18.1,16.3,21.4,11.9,,18.8
2025-07-18,Cork,15.8,12.2,19.0,0.8,,13.5
2025-07-18,Dublin,16.9,13.8,21.6,8.1,,10.0
2025-07-18,Limerick,16.7,15.1,19.1,1.5,,16.0
2025-07-19,Cork,14.2,12.0,16.5,19.0,,18.0
2025-07-19,Dublin,16.1,13.4,21.0,0.3,,11.7
2025-07-19,Limerick,16.1,13.8,19.1,1.8,,13.8
2025-07-20,Cork,16.2,13.0,20.2,17.0,,18.6
2025-07-20,Dublin,16.9,15.8,21.0,1.0,,15.4
2025-07-20,Limerick,17.1,14.8,19.8,7.9,,19.8
2025-07-21,Cork,16.0,14.7,17.7,1.0,,23.6
2025-07-21,Dublin,15.8,14.6,17.8,47.0,,20.0
2025-07-21,Limerick,16.4,14.9,18.7,0.0,,20.0
2025-07-22,Cork,14.8,12.7,18.2,5.4,,12.0
2025-07-22,Dublin,15.9,13.7,19.6,0.0,,16.8
2025-07-22,Limerick,15.7,13.6,18.6,3.0,,12.0
2025-07-23,Cork,15.4,12.7,18.0,0.0,,17.4
2025-07-23,Dublin,15.5,13.3,19.2,0.0,,15.6
2025-07-23,Limerick,16.1,12.7,20.1,0.3,,12.0
2025-07-24,Cork,16.3,12.5,20.1,0.0,,14.4
2025-07-24,Dublin,15.2,11.6,21.3,0.0,,12.9
2025-07-24,Limerick,16.9,13.0,21.9,0.0,,8.0
2025-07-25,Cork,17.5,14.6,21.7,0.1,,13.4
2025-07-25,Dublin,17.1,14.0,21.5,0.0,,13.0
2025-07-25,Limerick,16.9,15.4,19.1,0.3,,14.7
2025-07-26,Cork,16.4,13.6,20.1,0.1,,15.6
2025-07-26,Dublin,16.4,13.3,21.8,0.0,,18.4
2025-07-26,Limerick,16.6,14.4,19.5,1.0,,16.7
2025-07-27,Cork,16.2,13.6,19.5,0.3,,11.8
2025-07-27,Dublin,15.9,13.4,20.8,0.0,,13.8
2025-07-27,Limerick,16.3,13.6,19.2,1.0,,15.3
2025-07-28,Cork,16.9,14.0,20.1,0.3,,14.6
2025-07-28,Dublin,17.2,14.1,22.1,0.5,,17.9
2025-07-28,Limerick,16.5,14.3,18.5,0.4,,13.9
2025-07-29,Cork,18.1,15.6,21.0,0.2,,20.1
2025-07-29,Dublin,18.2,15.6,23.6,1.0,,20.5
2025-07-29,Limerick,17.3,15.4,19.7,0.5,,17.1
2025-07-30,Cork,18.6,15.0,22.7,0.3,,14.2
2025-07-30,Dublin,17.5,14.5,21.7,0.0,,17.8
2025-07-30,Limerick,17.1,14.9,19.5,1.0,,15.8
2025-07-31,Cork,17.6,13.6,21.2,4.0,,22.0
2025-07-31,Dublin,16.9,15.3,23.0,0.5,,14.1
2025-07-31,Limerick,17.4,13.9,20.0,3.0,,15.9
2025-08-01,Cork,14.7,12.0,18.5,0.0,,16.8
2025-08-01,Dublin,14.6,12.6,19.5,0.0,,17.0
2025-08-01,Limerick,15.4,12.0,18.1,0.0,,12.6
2025-08-02,Cork,15.2,11.5,19.0,0.0,,13.5
2025-08-02,Dublin,15.8,11.9,21.3,0.0,,12.2
2025-08-02,Limerick,16.8,12.4,21.6,0.3,,10.4
2025-08-03,Cork,18.2,15.7,22.6,0.0,,16.3
2025-08-03,Dublin,17.8,15.8,21.8,1.5,,18.8
2025-08-03,Limerick,17.2,15.1,19.6,3.0,,16.5
2025-08-04,Cork,16.8,13.2,19.0,2.1,,32.7
2025-08-04,Dublin,16.8,14.6,20.4,2.3,,34.1
2025-08-04,Limerick,16.7,14.4,18.9,3.0,,31.2
2025-08-05,Cork,14.9,11.6,18.6,0.0,,21.9
2025-08-05,Dublin,14.5,11.1,20.4,0.0,,26.8
2025-08-05,Limerick,15.4,12.8,17.8,0.3,,24.6
2025-08-06,Cork,13.8,10.7,16.1,0.3,,14.0
2025-08-06,Dublin,15.2,10.9,19.0,0.0,,14.8
2025-08-06,Limerick,15.2,11.7,18.1,0.0,,16.8
2025-08-07,Cork,15.9,13.0,18.6,1.1,,18.3
2025-08-07,Dublin,16.4,15.2,21.1,0.8,,20.8
2025-08-07,Limerick,15.9,14.0,17.8,2.0,,21.0
2025-08-08,Cork,14.8,11.5,18.7,0.0,,17.1
2025-08-08,Dublin,16.1,11.4,21.8,0.0,,16.5
2025-08-08,Limerick,16.2,14.0,19.5,0.0,,23.0
2025-08-09,Cork,15.6,12.1,20.2,0.0,,17.1
2025-08-09,Dublin,16.4,12.8,22.4,0.0,,21.0
2025-08-09,Limerick,16.3,13.2,18.7,2.0,,21.9
2025-08-10,Cork,16.5,13.0,20.5,0.7,,13.4
2025-08-10,Dublin,16.4,7.4,22.9,0.0,,12.3
2025-08-10,Limerick,18.2,13.8,23.5,0.3,,13.8
2025-08-11,Cork,17.1,15.0,21.1,0.1,,13.8
2025-08-11,Dublin,18.2,15.6,22.3,0.0,,9.0
2025-08-11,Limerick,20.0,16.6,24.5,2.0,,11.7
2025-08-12,Cork,19.0,15.5,23.7,0.0,,13.2
2025-08-12,Dublin,17.8,13.4,26.2,0.0,,11.2
2025-08-12,Limerick,20.3,13.3,27.6,0.0,,8.9
2025-08-13,Cork,16.7,13.7,20.2,9.3,,11.8
2025-08-13,Dublin,19.3,13.0,26.0,0.0,,9.2
2025-08-13,Limerick,19.1,16.1,23.1,0.0,,10.6
2025-08-14,Cork,18.3,16.6,21.2,0.0,,11.0
2025-08-14,Dublin,19.9,15.6,25.9,0.0,,11.8
2025-08-14,Limerick,18.9,16.7,21.6,4.1,,9.6
2025-08-15,Cork,18.1,14.5,22.7,0.0,,14.6
2025-08-15,Dublin,17.1,14.6,22.9,0.0,,9.9
2025-08-15,Limerick,19.6,14.3,25.0,1.0,,10.4
2025-08-16,Cork,17.5,15.0,20.7,0.0,,24.9
2025-08-16,Dublin,15.9,12.2,22.4,0.0,,15.2
2025-08-16,Limerick,18.9,13.4,24.3,0.0,,13.8
2025-08-17,Cork,16.6,15.2,17.7,0.0,,22.8
2025-08-17,Dublin,16.2,13.8,21.1,0.0,,13.1
2025-08-17,Limerick,19.9,16.9,23.5,0.0,,16.8
2025-08-18,Cork,16.2,14.5,17.5,11.1,,19.7
2025-08-18,Dublin,16.4,11.7,21.4,0.0,,13.8
2025-08-18,Limerick,16.8,12.5,20.5,0.3,,11.8
2025-08-19,Cork,16.5,14.7,18.7,0.6,,11.4
2025-08-19,Dublin,15.9,15.6,17.4,0.0,,19.9
2025-08-19,Limerick,17.3,14.2,20.4,0.5,,11.4
2025-08-20,Cork,15.6,13.2,18.2,0.1,,13.1
2025-08-20,Dublin,14.6,15.3,16.4,0.0,,18.4
2025-08-20,Limerick,15.8,11.2,19.5,0.0,,12.0
2025-08-21,Cork,15.2,12.5,19.2,0.0,,9.9
2025-08-21,Dublin,14.5,12.4,19.6,0.0,,8.2
2025-08-21,Limerick,16.7,13.6,20.1,0.0,,7.4
2025-08-22,Cork,16.7,13.2,20.5,0.2,,7.8
2025-08-22,Dublin,16.8,9.9,22.5,0.0,,11.7
2025-08-22,Limerick,17.3,14.4,20.4,0.0,,8.8
2025-08-23,Cork,17.6,14.2,21.7,0.0,,8.9
2025-08-23,Dublin,17.5,16.2,20.8,3.0,,8.1
2025-08-23,Limerick,18.8,16.4,21.7,2.3,,8.1
2025-08-24,Cork,16.6,13.7,19.1,0.6,,16.2
2025-08-24,Dublin,17.9,13.2,23.5,0.0,,11.9
2025-08-24,Limerick,18.8,15.0,22.1,0.0,,17.4
2025-08-25,Cork,17.2,14.2,19.9,7.0,,21.2
2025-08-25,Dublin,18.8,13.7,25.0,5.8,,16.9
2025-08-25,Limerick,18.6,16.3,21.4,3.4,,21.3
2025-08-26,Cork,14.7,12.1,18.8,0.5,,18.0
2025-08-26,Dublin,16.7,15.2,22.2,2.1,,17.2
2025-08-26,Limerick,15.9,13.8,18.4,1.2,,21.0
2025-08-27,Cork,14.5,11.7,17.2,6.3,,21.2
2025-08-27,Dublin,15.6,13.4,20.1,9.8,,16.3
2025-08-27,Limerick,15.0,13.0,16.6,9.7,,24.3
2025-08-28,Cork,14.0,12.4,17.3,1.1,,18.7
2025-08-28,Dublin,14.3,13.4,17.8,4.5,,17.5
2025-08-28,Limerick,14.3,13.3,15.9,8.2,,24.5
2025-08-29,Cork,14.9,12.3,18.5,0.1,,18.5
2025-08-29,Dublin,14.7,11.7,20.0,1.9,,18.7
2025-08-29,Limerick,14.8,13.6,17.1,8.1,,21.5
2025-08-30,Cork,14.5,12.2,17.6,7.7,,25.0
2025-08-30,Dublin,14.5,10.3,22.9,4.9,,17.7
2025-08-30,Limerick,14.9,13.1,18.7,10.0,,26.7
2025-08-31,Cork,13.4,11.9,15.7,2.6,,31.0
2025-08-31,Dublin,15.2,12.5,19.9,1.7,,28.4
2025-08-31,Limerick,14.5,13.3,16.3,4.5,,29.8
2025-09-01,Cork,13.8,9.5,17.4,0.0,,20.4
2025-09-01,Dublin,14.6,13.6,17.9,1.2,,18.2
2025-09-01,Limerick,14.5,12.6,16.9,12.7,,25.4
2025-09-02,Cork,12.9,9.8,15.4,5.1,,10.0
2025-09-02,Dublin,14.0,9.1,19.2,0.8,,10.1
2025-09-02,Limerick,13.7,10.6,16.9,2.4,,11.3
2025-09-03,Cork,14.2,12.1,17.4,8.0,,17.0
2025-09-03,Dublin,14.2,12.9,18.5,16.5,,14.3
2025-09-03,Limerick,14.8,12.5,16.9,9.1,,17.8
2025-09-04,Cork,13.7,10.7,17.5,0.0,,17.1
2025-09-04,Dublin,13.3,8.4,18.3,0.3,,13.5
2025-09-04,Limerick,14.3,12.1,17.3,4.1,,16.5
2025-09-05,Cork,12.7,8.8,16.3,0.0,,13.2
2025-09-05,Dublin,14.2,10.9,18.8,0.0,,12.9
2025-09-05,Limerick,14.7,12.0,17.3,0.0,,14.9
2025-09-06,Cork,15.0,13.0,16.3,7.1,,29.0
2025-09-06,Dublin,15.9,13.6,19.3,0.6,,20.7
2025-09-06,Limerick,16.0,14.1,17.8,2.0,,23.3
2025-09-07,Cork,14.7,10.7,16.3,9.8,,21.6
2025-09-07,Dublin,16.2,16.2,19.3,13.3,,19.8
2025-09-07,Limerick,15.6,12.2,17.5,2.0,,22.2
2025-09-08,Cork,11.8,6.5,17.1,0.2,,14.4
2025-09-08,Dublin,13.3,8.4,19.0,5.5,,12.8
2025-09-08,Limerick,13.4,10.2,16.8,2.1,,18.1
2025-09-09,Cork,14.0,10.8,18.1,15.0,,17.8
2025-09-09,Dublin,14.1,10.2,19.3,5.4,,21.6
2025-09-09,Limerick,15.7,11.7,20.6,6.8,,17.5
2025-09-10,Cork,13.5,10.5,16.2,3.6,,20.4
2025-09-10,Dublin,13.7,11.8,18.3,5.4,,15.8
2025-09-10,Limerick,13.9,12.6,16.0,6.3,,22.8
2025-09-11,Cork,11.3,8.9,14.8,0.3,,21.3
2025-09-11,Dublin,11.5,10.3,15.7,0.3,,18.6
2025-09-11,Limerick,12.2,10.9,14.0,26.5,,26.5
2025-09-12,Cork,10.8,7.6,14.8,3.0,,19.6
2025-09-12,Dublin,11.4,8.7,17.2,3.5,,18.0
2025-09-12,Limerick,11.9,9.8,15.0,17.4,,22.4
2025-09-13,Cork,11.0,7.6,15.1,0.2,,17.2
2025-09-13,Dublin,11.7,8.5,16.7,0.5,,17.6
2025-09-13,Limerick,12.2,9.7,15.8,17.1,,22.2
2025-09-14,Cork,12.8,8.0,17.2,11.4,,25.8
2025-09-14,Dublin,12.9,7.9,20.1,8.3,,19.0
2025-09-14,Limerick,13.5,9.9,19.0,10.5,,27.2
2025-09-15,Cork,13.0,11.0,15.6,0.2,,31.0
2025-09-15,Dublin,13.3,12.2,16.5,0.6,,32.5
2025-09-15,Limerick,13.6,12.3,15.6,8.9,,38.7
2025-09-16,Cork,11.6,9.8,14.0,12.7,,16.8
2025-09-16,Dublin,12.7,9.6,19.5,2.4,,17.8
2025-09-16,Limerick,12.9,11.2,15.1,11.3,,16.5
2025-09-17,Cork,15.0,11.3,17.0,9.1,,26.7
2025-09-17,Dublin,15.9,11.7,20.8,12.3,,16.9
2025-09-17,Limerick,15.6,11.8,17.5,7.9,,27.2
2025-09-18,Cork,14.3,11.3,16.3,8.6,,22.5
2025-09-18,Dublin,15.1,11.6,19.9,7.7,,16.4
2025-09-18,Limerick,15.3,11.4,19.8,9.2,,18.4
2025-09-19,Cork,13.5,12.4,15.0,15.9,,10.0
2025-09-19,Dublin,14.9,13.5,16.9,11.0,,11.6
2025-09-19,Limerick,14.7,12.8,16.3,1.6,,8.4
2025-09-20,Cork,12.0,9.4,15.6,0.1,,16.7
2025-09-20,Dublin,11.5,10.1,13.5,9.1,,16.1
2025-09-20,Limerick,11.3,7.6,15.8,2.3,,11.2
2025-09-21,Cork,9.3,6.3,13.5,0.0,,24.3
2025-09-21,Dublin,8.7,5.4,14.6,0.9,,19.4
2025-09-21,Limerick,9.9,6.6,13.8,0.0,,15.6
2025-09-22,Cork,8.9,4.7,13.8,0.0,,12.0
2025-09-22,Dublin,8.3,3.7,14.1,0.0,,13.2
2025-09-22,Limerick,9.0,4.0,14.9,0.0,,7.5
2025-09-23,Cork,9.9,6.1,14.8,0.0,,10.2
2025-09-23,Dublin,8.7,2.9,14.8,0.0,,10.6
2025-09-23,Limerick,9.9,3.0,16.5,0.0,,10.0
2025-09-24,Cork,10.9,8.2,14.7,0.0,,9.3
2025-09-24,Dublin,9.7,3.6,15.7,0.0,,8.8
2025-09-24,Limerick,11.4,7.2,16.4,0.0,,13.3
2025-09-25,Cork,11.5,8.3,15.8,0.0,,14.0
2025-09-25,Dublin,10.8,5.2,16.2,0.0,,10.2
2025-09-25,Limerick,12.6,8.6,17.7,0.0,,16.7
2025-09-26,Cork,11.5,8.1,14.4,0.0,,19.9
2025-09-26,Dublin,10.5,2.9,16.3,0.0,,13.6
2025-09-26,Limerick,13.1,10.2,16.3,0.0,,20.9
2025-09-27,Cork,12.6,9.0,15.9,10.0,,17.2
2025-09-27,Dublin,12.5,9.8,14.2,19.2,,16.7
2025-09-27,Limerick,12.8,10.3,15.1,4.4,,17.1
2025-09-28,Cork,12.0,7.3,16.3,0.2,,10.4
2025-09-28,Dublin,10.5,6.1,14.6,6.7,,8.1
2025-09-28,Limerick,12.4,9.7,16.5,0.7,,13.4
2025-09-29,Cork,12.1,9.3,15.2,0.0,,12.1
2025-09-29,Dublin,11.6,5.3,16.0,0.1,,7.6
2025-09-29,Limerick,12.5,9.0,16.9,0.1,,13.9
2025-09-30,Cork,13.7,12.7,14.4,4.8,,20.5
2025-09-30,Dublin,14.6,12.7,17.9,3.5,,13.6
2025-09-30,Limerick,15.3,13.8,17.6,5.7,,17.0
2025-10-01,Cork,14.2,12.6,15.9,0.9,,23.5
2025-10-01,Dublin,15.9,14.5,18.3,2.9,,16.1
2025-10-01,Limerick,16.4,14.8,19.7,1.0,,19.4
2025-10-02,Cork,14.2,13.5,15.3,33.0,,25.8
2025-10-02,Dublin,15.6,14.6,17.1,11.3,,17.2
2025-10-02,Limerick,15.4,14.7,16.3,23.4,,21.5
2025-10-03,Cork,13.2,9.9,16.7,24.5,,29.2
2025-10-03,Dublin,13.4,10.8,19.1,9.7,,25.1
2025-10-03,Limerick,13.8,11.5,19.1,19.1,,36.8
2025-10-04,Cork,10.1,6.8,13.3,1.9,,34.5
2025-10-04,Dublin,10.1,8.1,12.8,2.6,,36.3
2025-10-04,Limerick,11.4,8.8,13.4,6.2,,41.1
2025-10-05,Cork,11.4,9.3,14.0,0.0,,19.6
2025-10-05,Dublin,11.3,9.4,13.7,0.0,,26.5
2025-10-05,Limerick,12.7,11.0,14.5,0.5,,21.5
2025-10-06,Cork,12.3,10.8,14.5,0.0,,20.9
2025-10-06,Dublin,14.2,11.7,18.8,0.0,,16.2
2025-10-06,Limerick,13.8,11.3,16.9,0.0,,15.2
2025-10-07,Cork,12.6,10.9,14.3,0.8,,20.8
2025-10-07,Dublin,13.5,9.5,16.1,0.0,,16.4
2025-10-07,Limerick,13.5,9.8,15.4,0.9,,14.9
2025-10-08,Cork,10.4,7.6,13.6,0.0,,14.3
2025-10-08,Dublin,11.1,8.3,14.5,0.0,,18.1
2025-10-08,Limerick,11.9,9.6,13.5,0.0,,13.7
2025-10-09,Cork,10.8,8.5,13.8,0.0,,12.8
2025-10-09,Dublin,12.1,10.4,14.4,0.0,,15.9
2025-10-09,Limerick,12.5,11.7,13.8,0.0,,13.8
2025-10-10,Cork,10.3,9.0,12.4,0.0,,7.5
2025-10-10,Dublin,10.2,9.4,12.0,0.0,,12.8
2025-10-10,Limerick,11.8,11.1,12.7,0.0,,8.2
2025-10-11,Cork,10.0,8.5,11.8,0.0,,8.3
2025-10-11,Dublin,9.4,8.8,10.4,0.0,,8.4
2025-10-11,Limerick,10.4,9.4,11.6,0.0,,8.4
2025-10-12,Cork,10.5,8.7,12.6,0.0,,14.5
2025-10-12,Dublin,10.3,8.8,12.1,0.0,,10.2
2025-10-12,Limerick,10.8,7.9,14.7,0.0,,11.3
2025-10-13,Cork,12.1,10.4,13.5,0.0,,15.6
2025-10-13,Dublin,11.8,9.3,13.4,0.0,,9.1
2025-10-13,Limerick,12.5,10.9,13.9,0.0,,11.0
2025-10-14,Cork,12.5,12.0,13.2,0.2,,14.1
2025-10-14,Dublin,11.9,10.8,13.3,0.0,,9.2
2025-10-14,Limerick,13.5,12.8,15.0,0.0,,10.6
2025-10-15,Cork,11.6,10.9,12.4,0.0,,13.9
2025-10-15,Dublin,10.7,10.2,11.7,0.0,,10.2
2025-10-15,Limerick,12.7,12.2,13.3,0.0,,11.0
2025-10-16,Cork,11.0,9.3,13.0,0.0,,15.1
2025-10-16,Dublin,10.9,10.0,12.0,0.0,,8.4
2025-10-16,Limerick,12.0,10.8,13.2,0.0,,10.4
2025-10-17,Cork,11.8,9.3,14.4,0.0,,21.3
2025-10-17,Dublin,11.9,10.6,14.1,0.0,,11.8
2025-10-17,Limerick,12.5,10.4,15.5,0.0,,15.9
2025-10-18,Cork,12.6,11.9,13.9,22.5,,32.2
2025-10-18,Dublin,12.8,11.8,13.7,2.1,,24.1
2025-10-18,Limerick,13.7,13.2,14.4,7.0,,24.1
2025-10-19,Cork,13.1,11.5,14.3,21.9,,21.5
2025-10-19,Dublin,13.1,9.3,15.6,14.0,,23.1
2025-10-19,Limerick,14.5,12.5,16.8,10.9,,16.3
2025-10-20,Cork,12.0,9.7,14.3,3.8,,20.0
2025-10-20,Dublin,12.1,10.1,13.2,7.2,,12.5
2025-10-20,Limerick,12.5,11.6,14.5,3.8,,17.9
2025-10-21,Cork,10.8,7.6,13.9,0.0,,17.8
2025-10-21,Dublin,11.3,8.9,13.7,0.7,,20.2
2025-10-21,Limerick,12.0,10.2,13.5,1.2,,18.2
2025-10-22,Cork,9.0,6.6,11.9,14.2,,11.2
2025-10-22,Dublin,8.9,4.1,13.6,0.0,,11.0
2025-10-22,Limerick,9.5,7.7,12.7,16.7,,9.7
2025-10-23,Cork,6.8,4.4,8.6,9.5,,23.4
2025-10-23,Dublin,6.9,3.5,9.3,2.8,,24.1
2025-10-23,Limerick,8.4,6.8,10.7,11.4,,20.8
2025-10-24,Cork,8.0,4.2,11.3,1.5,,23.8
2025-10-24,Dublin,8.0,5.1,11.9,1.4,,20.7
2025-10-24,Limerick,10.2,7.8,12.4,5.8,,25.2
2025-10-25,Cork,8.5,6.7,10.9,0.2,,29.1
2025-10-25,Dublin,7.6,5.4,9.6,0.5,,29.3
2025-10-25,Limerick,9.6,7.8,11.8,0.5,,20.8
2025-10-26,Cork,9.5,7.1,11.5,1.7,,21.3
2025-10-26,Dublin,7.4,3.7,11.5,1.8,,25.2
2025-10-26,Limerick,10.5,7.7,12.5,3.5,,21.2
2025-10-27,Cork,11.5,9.9,13.6,0.9,,24.9
2025-10-27,Dublin,10.0,8.3,11.9,2.7,,23.9
2025-10-27,Limerick,12.1,10.9,12.9,4.6,,25.2
2025-10-28,Cork,10.1,6.9,12.9,0.0,,18.2
2025-10-28,Dublin,9.9,8.7,12.1,0.3,,20.9
2025-10-28,Limerick,11.3,9.8,13.2,2.5,,23.0
2025-10-29,Cork,7.8,4.1,11.1,0.0,,16.2
2025-10-29,Dublin,7.9,5.3,10.6,0.3,,17.9
2025-10-29,Limerick,9.2,7.5,12.6,2.6,,17.0
2025-10-30,Cork,10.5,5.7,13.0,27.4,,32.3
2025-10-30,Dublin,9.5,4.6,13.6,7.4,,22.1
2025-10-30,Limerick,10.9,6.9,14.4,10.8,,27.9
2025-10-31,Cork,10.9,8.2,12.4,19.9,,26.2
2025-10-31,Dublin,12.2,10.4,13.6,5.9,,20.5
2025-10-31,Limerick,11.5,9.1,13.5,4.5,,21.8
2025-11-01,Cork,7.2,5.4,9.2,3.7,,19.3
2025-11-01,Dublin,8.5,6.7,10.0,1.8,,19.1
2025-11-01,Limerick,8.5,6.6,9.9,6.6,,21.0
2025-11-02,Cork,8.2,4.5,11.3,4.7,,20.8
2025-11-02,Dublin,8.4,5.5,10.7,1.8,,20.3
2025-11-02,Limerick,9.3,6.3,12.2,5.4,,20.3
2025-11-03,Cork,12.0,11.2,12.7,18.6,,36.1
2025-11-03,Dublin,12.8,11.1,14.0,5.9,,28.9
2025-11-03,Limerick,13.0,12.3,13.9,11.9,,30.7
2025-11-04,Cork,13.0,12.1,13.3,29.0,,17.0
2025-11-04,Dublin,13.3,11.8,16.0,4.6,,10.7
2025-11-04,Limerick,13.1,11.1,14.8,0.0,,12.5
2025-11-05,Cork,12.9,11.8,13.6,8.9,,12.6
2025-11-05,Dublin,13.9,11.6,16.6,4.7,,12.1
2025-11-05,Limerick,14.0,12.7,15.5,3.0,,9.5
2025-11-06,Cork,12.4,11.0,13.2,2.0,,15.8
2025-11-06,Dublin,13.9,12.8,17.5,0.0,,13.0
2025-11-06,Limerick,13.9,12.6,15.7,0.8,,16.0
2025-11-07,Cork,11.1,8.3,14.6,6.5,,18.7
2025-11-07,Dublin,11.9,10.8,13.8,7.2,,15.8
2025-11-07,Limerick,11.5,9.6,13.3,2.2,,15.6
2025-11-08,Cork,9.4,5.4,12.3,2.9,,15.5
2025-11-08,Dublin,10.4,5.7,13.9,1.0,,12.6
2025-11-08,Limerick,10.3,7.7,12.8,5.6,,15.6
2025-11-09,Cork,10.7,8.1,12.4,14.4,,13.8
2025-11-09,Dublin,11.6,6.9,14.7,0.8,,12.3
2025-11-09,Limerick,11.2,7.9,13.7,7.1,,14.2
2025-11-10,Cork,7.7,5.4,10.7,1.0,,10.6
2025-11-10,Dublin,8.4,6.3,14.3,4.8,,10.5
2025-11-10,Limerick,8.2,5.8,11.9,4.7,,12.5
2025-11-11,Cork,11.5,9.3,12.8,23.9,,26.8
2025-11-11,Dublin,11.5,4.0,14.9,1.8,,18.8
2025-11-11,Limerick,11.4,8.8,13.8,20.1,,19.8
2025-11-12,Cork,10.7,9.1,12.4,13.6,,14.1
2025-11-12,Dublin,9.5,5.2,12.2,17.7,,13.3
2025-11-12,Limerick,8.5,6.6,9.9,13.5,,12.5
2025-11-13,Cork,11.6,10.2,13.5,1.8,,13.9
2025-11-13,Dublin,10.6,6.3,15.2,2.7,,10.0
2025-11-13,Limerick,10.2,8.4,13.8,3.7,,8.8
2025-11-14,Cork,9.6,7.9,11.6,22.3,,35.2
2025-11-14,Dublin,9.0,9.3,9.4,23.0,,42.4
2025-11-14,Limerick,8.9,4.1,10.1,8.5,,34.2
2025-11-15,Cork,10.7,8.1,12.7,3.4,,21.5
2025-11-15,Dublin,9.3,8.2,11.1,3.7,,29.8
2025-11-15,Limerick,10.2,8.8,12.4,2.2,,19.2
2025-11-16,Cork,8.9,5.4,10.3,0.0,,17.5
2025-11-16,Dublin,7.3,8.9,9.6,0.1,,17.6
2025-11-16,Limerick,9.1,5.2,10.8,0.0,,14.3
2025-11-17,Cork,5.1,3.0,8.2,0.0,,12.9
2025-11-17,Dublin,4.9,2.5,8.7,0.3,,12.1
2025-11-17,Limerick,4.3,1.1,8.2,0.0,,7.5
2025-11-18,Cork,5.9,2.9,9.0,0.0,,16.5
2025-11-18,Dublin,5.4,3.2,9.3,0.1,,21.7
2025-11-18,Limerick,7.2,4.2,10.5,1.0,,15.6
2025-11-19,Cork,2.9,0.9,5.2,0.0,,20.5
2025-11-19,Dublin,1.6,0.5,4.6,0.0,,24.8
2025-11-19,Limerick,3.8,0.7,6.4,0.0,,15.8
2025-11-20,Cork,1.9,0.0,5.0,0.0,,15.5
2025-11-20,Dublin,0.6,-1.4,4.1,0.1,,21.5
2025-11-20,Limerick,2.3,-1.2,6.4,0.0,,10.1
2025-11-21,Cork,4.3,0.4,9.4,6.3,,14.8
2025-11-21,Dublin,2.5,-2.7,8.8,4.0,,14.0
2025-11-21,Limerick,3.5,-1.8,9.0,5.8,,13.4
2025-11-22,Cork,8.4,6.8,10.7,1.6,,13.6
2025-11-22,Dublin,6.8,-1.4,9.7,2.3,,12.3
2025-11-22,Limerick,8.5,6.2,10.5,0.6,,11.5
2025-11-23,Cork,7.1,5.0,10.8,0.0,,26.0
2025-11-23,Dublin,6.9,2.9,8.2,1.7,,23.8
2025-11-23,Limerick,7.9,6.9,10.4,6.2,,28.5
2025-11-24,Cork,7.1,5.2,9.1,1.7,,28.9
2025-11-24,Dublin,6.4,5.3,9.9,0.0,,25.3
2025-11-24,Limerick,7.8,4.6,10.3,2.7,,18.0
2025-11-25,Cork,5.7,3.7,9.0,0.0,,11.3
2025-11-25,Dublin,3.4,0.5,10.0,0.1,,15.6
2025-11-25,Limerick,5.0,0.7,9.8,0.0,,8.4
2025-11-26,Cork,10.6,7.2,12.6,6.9,,18.3
2025-11-26,Dublin,9.6,-0.3,14.1,1.0,,13.3
2025-11-26,Limerick,10.8,6.2,13.0,5.0,,15.9
2025-11-27,Cork,11.1,8.2,12.5,1.4,,29.8
2025-11-27,Dublin,12.2,10.0,15.4,9.3,,23.2
2025-11-27,Limerick,12.4,9.3,14.2,1.3,,27.4
2025-11-28,Cork,7.5,4.2,9.1,4.7,,23.1
2025-11-28,Dublin,7.5,6.0,8.4,4.0,,24.0
2025-11-28,Limerick,8.3,5.0,10.3,3.9,,30.0
2025-11-29,Cork,4.7,3.1,7.1,0.0,,18.2
2025-11-29,Dublin,3.8,3.5,6.3,3.3,,19.3
2025-11-29,Limerick,5.6,2.6,8.1,2.0,,11.7
2025-11-30,Cork,6.3,2.1,11.7,9.4,,17.5
2025-11-30,Dublin,4.5,1.2,12.2,11.5,,13.4
2025-11-30,Limerick,5.6,0.7,10.6,5.1,,14.0
2025-12-01,Cork,7.4,3.9,12.0,14.0,,16.0
2025-12-01,Dublin,8.6,1.8,10.1,12.0,,14.2
2025-12-01,Limerick,8.0,6.0,10.8,14.7,,13.7
2025-12-02,Cork,4.7,2.8,7.7,0.0,,13.5
2025-12-02,Dublin,6.0,4.5,8.4,0.0,,14.6
2025-12-02,Limerick,6.6,4.8,9.1,1.1,,15.5
2025-12-03,Cork,5.5,2.1,8.3,8.9,,15.8
2025-12-03,Dublin,6.6,0.5,9.2,1.3,,12.8
2025-12-03,Limerick,7.2,5.9,8.6,6.5,,16.9
2025-12-04,Cork,3.9,2.0,7.1,1.2,,13.5
2025-12-04,Dublin,5.3,3.3,7.7,2.1,,13.1
2025-12-04,Limerick,6.0,3.4,7.3,3.4,,15.7
2025-12-05,Cork,8.2,3.1,11.6,22.9,,28.1
2025-12-05,Dublin,7.8,2.8,11.0,8.5,,22.3
2025-12-05,Limerick,8.4,5.4,11.2,10.5,,24.4
2025-12-06,Cork,8.9,6.2,10.2,1.1,,22.8
2025-12-06,Dublin,9.1,5.9,11.5,2.8,,15.3
2025-12-06,Limerick,9.6,7.3,11.4,6.4,,25.0
2025-12-07,Cork,10.2,8.8,11.1,11.9,,18.5
2025-12-07,Dublin,9.1,4.7,11.8,4.9,,17.1
2025-12-07,Limerick,9.3,8.0,10.6,9.3,,15.1
2025-12-08,Cork,9.9,7.2,11.4,5.9,,23.2
2025-12-08,Dublin,10.0,7.7,16.5,0.5,,18.6
2025-12-08,Limerick,9.6,7.3,12.2,1.3,,19.2
2025-12-09,Cork,11.0,7.7,13.5,24.0,,38.7
2025-12-09,Dublin,12.2,8.0,17.2,7.4,,28.6
2025-12-09,Limerick,12.1,8.4,15.6,10.2,,35.6
2025-12-10,Cork,8.9,7.2,10.1,0.9,,24.9
2025-12-10,Dublin,9.6,8.2,11.8,0.0,,25.0
2025-12-10,Limerick,9.9,8.5,11.5,1.1,,26.7
2025-12-11,Cork,8.0,3.6,10.8,7.2,,21.7
2025-12-11,Dublin,9.5,8.6,13.7,8.2,,23.1
2025-12-11,Limerick,8.7,4.7,11.8,5.9,,23.5
2025-12-12,Cork,5.3,2.8,9.5,0.0,,10.6
2025-12-12,Dublin,6.2,1.4,9.1,0.0,,10.4
2025-12-12,Limerick,6.1,4.1,9.3,0.0,,13.9
2025-12-13,Cork,8.5,3.6,10.4,3.3,,27.0
2025-12-13,Dublin,9.0,1.8,12.5,1.3,,23.8
2025-12-13,Limerick,9.2,4.8,12.9,1.4,,24.2
2025-12-14,Cork,10.8,9.1,11.7,27.2,,34.1
2025-12-14,Dublin,11.8,8.3,14.0,10.2,,29.2
2025-12-14,Limerick,12.0,8.5,14.6,10.9,,23.2
2025-12-15,Cork,6.8,4.4,8.3,1.3,,8.8
2025-12-15,Dublin,6.9,4.9,8.2,1.9,,8.7
2025-12-15,Limerick,6.2,2.8,8.9,0.7,,7.8
2025-12-16,Cork,5.5,3.4,8.1,0.1,,11.8
2025-12-16,Dublin,4.3,0.7,11.0,0.0,,10.2
2025-12-16,Limerick,4.1,1.7,8.2,0.0,,13.3
2025-12-17,Cork,9.3,6.6,11.7,14.7,,27.3
2025-12-17,Dublin,9.8,0.4,13.7,3.5,,21.8
2025-12-17,Limerick,10.0,7.5,12.9,6.9,,25.5
2025-12-18,Cork,6.9,3.7,9.9,9.2,,19.9
2025-12-18,Dublin,7.4,6.9,11.2,1.9,,18.6
2025-12-18,Limerick,7.1,5.2,9.9,9.2,,20.0
2025-12-19,Cork,6.8,4.8,8.9,1.6,,19.6
2025-12-19,Dublin,7.2,4.8,9.3,0.0,,21.9
2025-12-19,Limerick,7.8,6.3,9.3,2.3,,22.0
2025-12-20,Cork,7.7,5.2,9.4,11.5,,26.1
2025-12-20,Dublin,8.5,6.2,10.7,6.7,,26.2
2025-12-20,Limerick,8.2,6.0,9.9,3.5,,22.0
2025-12-21,Cork,5.1,3.2,6.3,6.3,,12.7
2025-12-21,Dublin,7.2,2.9,10.4,3.9,,15.5
2025-12-21,Limerick,5.2,3.2,6.9,2.2,,8.4
2025-12-22,Cork,6.9,2.7,8.8,2.7,,17.3
2025-12-22,Dublin,9.3,2.8,10.9,2.1,,16.1
2025-12-22,Limerick,7.7,5.1,9.5,0.9,,11.2
2025-12-23,Cork,7.8,6.9,9.2,2.5,,15.5
2025-12-23,Dublin,8.3,7.4,9.6,0.5,,16.4
2025-12-23,Limerick,8.2,7.0,9.9,0.1,,13.2
2025-12-24,Cork,5.7,3.4,7.0,0.0,,20.7
2025-12-24,Dublin,6.5,7.3,8.1,0.0,,26.3
2025-12-24,Limerick,6.6,1.0,8.6,0.0,,15.9
2025-12-25,Cork,2.8,0.5,5.3,0.0,,22.6
2025-12-25,Dublin,5.5,5.7,6.7,0.0,,27.1
2025-12-25,Limerick,1.8,-2.0,5.6,0.0,,13.8
2025-12-26,Cork,4.2,2.9,5.2,0.0,,18.9
2025-12-26,Dublin,6.1,5.7,7.6,0.0,,27.8
2025-12-26,Limerick,2.6,1.4,4.3,0.0,,13.1
2025-12-27,Cork,4.4,2.5,6.6,0.0,,22.5
2025-12-27,Dublin,6.6,6.6,8.2,0.0,,25.9
2025-12-27,Limerick,2.3,-0.7,6.4,0.0,,12.9
2025-12-28,Cork,5.8,4.8,6.7,0.1,,17.0
2025-12-28,Dublin,6.6,6.5,7.5,0.0,,21.0
2025-12-28,Limerick,5.4,2.3,9.3,0.0,,11.1
2025-12-29,Cork,4.6,4.1,4.9,0.0,,15.9
2025-12-29,Dublin,5.8,5.9,7.6,0.0,,18.4
2025-12-29,Limerick,4.9,4.6,5.3,0.0,,10.8
2025-12-30,Cork,5.4,4.6,6.4,0.0,,19.0
2025-12-30,Dublin,5.4,5.8,7.7,0.0,,14.5
2025-12-30,Limerick,5.7,3.6,7.3,0.0,,11.6
2025-12-31,Cork,4.1,2.3,4.8,0.0,,11.4
2025-12-31,Dublin,2.2,1.7,4.7,0.0,,13.7
2025-12-31,Limerick,4.2,3.4,5.4,0.0,,7.4
2026-01-01,Cork,4.2,2.3,7.3,0.0,,14.5
2026-01-01,Dublin,3.6,1.8,5.9,0.1,,23.8
2026-01-01,Limerick,5.3,3.2,8.0,0.2,,10.3
2026-01-02,Cork,3.2,1.5,5.1,0.0,,16.8
2026-01-02,Dublin,1.5,0.3,3.4,0.2,,21.7
2026-01-02,Limerick,3.8,0.0,5.7,0.0,,10.8
2026-01-03,Cork,0.8,-0.9,3.1,0.0,,15.8
2026-01-03,Dublin,-0.4,-2.0,2.6,0.0,,21.4
2026-01-03,Limerick,1.4,-1.3,4.7,0.0,,9.5
2026-01-04,Cork,0.6,-1.4,3.8,1.6,,12.8
2026-01-04,Dublin,-0.8,-2.9,1.3,0.0,,19.1
2026-01-04,Limerick,0.7,-3.3,4.0,0.0,,6.2
2026-01-05,Cork,0.1,-1.6,2.7,0.0,,17.0
2026-01-05,Dublin,-1.0,-3.2,3.4,0.2,,20.5
2026-01-05,Limerick,0.1,-3.4,4.3,0.0,,7.7
2026-01-06,Cork,3.6,0.2,6.2,5.2,,16.7
2026-01-06,Dublin,2.8,-2.8,5.5,1.2,,17.8
2026-01-06,Limerick,4.5,-0.9,7.8,3.2,,12.5
2026-01-07,Cork,6.5,5.5,8.3,0.8,,17.0
2026-01-07,Dublin,3.9,3.0,5.9,1.4,,17.0
2026-01-07,Limerick,7.2,6.2,9.4,1.1,,14.4
2026-01-08,Cork,3.9,2.3,5.6,16.5,,20.3
2026-01-08,Dublin,3.4,1.9,4.8,4.0,,17.1
2026-01-08,Limerick,4.4,3.6,6.8,4.8,,10.2
2026-01-09,Cork,3.1,1.3,5.2,0.0,,21.7
2026-01-09,Dublin,1.8,0.7,4.6,0.9,,18.1
2026-01-09,Limerick,4.2,1.3,6.1,1.7,,11.7
2026-01-10,Cork,5.5,3.0,8.4,1.5,,15.9
2026-01-10,Dublin,2.8,-2.1,11.9,2.7,,12.7
2026-01-10,Limerick,5.4,3.4,9.3,2.9,,13.3
2026-01-11,Cork,9.6,8.1,11.3,15.1,,33.2
2026-01-11,Dublin,10.1,-0.2,13.6,9.9,,26.7
2026-01-11,Limerick,10.6,8.6,12.8,7.7,,31.2
2026-01-12,Cork,8.5,6.8,10.6,1.1,,26.1
2026-01-12,Dublin,9.1,7.6,11.7,0.0,,20.2
2026-01-12,Limerick,8.9,7.5,10.2,1.7,,20.1
2026-01-13,Cork,5.5,2.7,7.5,4.8,,16.8
2026-01-13,Dublin,5.4,4.0,6.6,2.7,,17.2
2026-01-13,Limerick,4.9,0.6,7.9,0.9,,9.0
2026-01-14,Cork,5.0,0.6,8.0,9.5,,19.4
2026-01-14,Dublin,4.4,-1.6,7.9,4.6,,15.2
2026-01-14,Limerick,5.6,1.9,8.3,6.4,,18.5
2026-01-15,Cork,4.0,1.9,7.8,2.1,,9.5
2026-01-15,Dublin,4.8,2.7,8.3,0.0,,11.7
2026-01-15,Limerick,5.1,2.1,8.5,1.3,,12.7
2026-01-16,Cork,4.2,2.3,6.6,3.2,,10.8
2026-01-16,Dublin,5.3,-0.5,10.2,2.5,,12.4
2026-01-16,Limerick,4.9,3.0,7.5,1.8,,13.5
2026-01-17,Cork,3.1,-0.3,5.6,0.0,,11.6
2026-01-17,Dublin,4.9,3.0,7.7,0.0,,10.6
2026-01-17,Limerick,4.3,2.9,6.1,0.0,,6.3
2026-01-18,Cork,4.7,1.0,7.2,2.4,,10.5
2026-01-18,Dublin,6.1,2.4,10.2,0.8,,11.8
2026-01-18,Limerick,5.1,3.0,7.1,4.1,,12.2
2026-01-19,Cork,5.6,2.0,7.6,4.1,,18.5
2026-01-19,Dublin,6.5,2.8,8.1,2.4,,15.7
2026-01-19,Limerick,5.9,3.1,7.9,15.4,,8.4
2026-01-20,Cork,5.9,4.3,7.9,15.1,,25.2
2026-01-20,Dublin,6.1,0.3,8.9,5.8,,23.2
2026-01-20,Limerick,6.4,3.4,8.7,17.0,,24.8
2026-01-21,Cork,6.6,3.2,9.0,8.9,,17.4
2026-01-21,Dublin,6.6,3.0,9.4,7.5,,20.5
2026-01-21,Limerick,6.1,4.7,7.7,3.6,,16.1
2026-01-22,Cork,5.4,3.1,7.6,0.1,,13.1
2026-01-22,Dublin,7.1,4.9,8.5,14.7,,11.6
2026-01-22,Limerick,5.0,1.3,8.4,0.1,,8.9
2026-01-23,Cork,4.9,2.3,7.0,18.3,,26.2
2026-01-23,Dublin,6.2,3.5,7.5,3.1,,24.8
2026-01-23,Limerick,3.8,-1.3,7.1,0.8,,18.6
2026-01-24,Cork,5.0,3.4,6.4,7.9,,26.7
2026-01-24,Dublin,7.0,6.6,7.5,7.4,,36.8
2026-01-24,Limerick,6.6,5.5,8.1,15.7,,15.3
2026-01-25,Cork,3.9,0.0,8.2,0.0,,10.3
2026-01-25,Dublin,6.6,3.1,8.0,2.2,,18.5
2026-01-25,Limerick,6.0,4.1,9.0,2.1,,7.6
2026-01-26,Cork,6.8,4.5,8.6,6.1,,18.7
2026-01-26,Dublin,6.8,6.3,7.1,7.6,,27.2
2026-01-26,Limerick,6.6,3.7,10.5,6.1,,16.1
2026-01-27,Cork,6.4,3.8,8.6,14.5,,29.0
2026-01-27,Dublin,7.0,4.8,9.0,24.5,,34.0
2026-01-27,Limerick,7.3,5.6,8.9,19.0,,26.5
2026-01-28,Cork,6.7,5.0,8.6,10.6,,24.5
2026-01-28,Dublin,6.8,4.5,8.9,0.0,,16.7
2026-01-28,Limerick,6.7,4.0,9.1,0.1,,19.3
2026-01-29,Cork,6.8,5.7,8.2,8.6,,22.2
2026-01-29,Dublin,6.6,5.7,7.3,11.5,,30.9
2026-01-29,Limerick,7.2,6.0,9.0,2.3,,20.0
2026-01-30,Cork,6.4,4.7,7.8,0.1,,13.2
2026-01-30,Dublin,7.2,5.7,8.8,9.4,,23.2
2026-01-30,Limerick,7.3,4.9,9.1,0.5,,15.8
2026-01-31,Cork,6.3,3.2,10.4,0.0,,13.3
2026-01-31,Dublin,6.5,3.8,7.7,1.5,,15.6
2026-01-31,Limerick,4.5,1.8,6.8,0.3,,7.2
2026-02-01,Cork,6.3,3.9,9.2,0.5,,14.8
2026-02-01,Dublin,5.3,2.0,7.9,0.0,,12.8
2026-02-01,Limerick,6.5,3.0,9.8,1.3,,10.8
2026-02-02,Cork,6.5,3.6,7.7,12.0,,36.8
2026-02-02,Dublin,6.1,0.3,7.7,0.4,,22.4
2026-02-02,Limerick,5.9,1.7,8.2,0.3,,22.9
2026-02-03,Cork,7.1,5.3,8.2,9.9,,32.2
2026-02-03,Dublin,5.2,4.3,6.3,5.7,,29.8
2026-02-03,Limerick,7.5,6.1,8.1,1.3,,25.1
2026-02-04,Cork,7.5,6.0,8.4,10.8,,25.4
2026-02-04,Dublin,6.5,5.0,7.6,1.9,,18.2
2026-02-04,Limerick,7.9,6.2,9.9,0.1,,20.9
2026-02-05,Cork,7.3,5.6,8.5,12.2,,26.5
2026-02-05,Dublin,5.6,4.7,6.7,9.8,,43.7
2026-02-05,Limerick,7.1,6.3,7.7,2.9,,24.9
2026-02-06,Cork,8.3,7.6,9.2,8.6,,17.2
2026-02-06,Dublin,5.6,4.6,6.9,12.8,,27.3
2026-02-06,Limerick,7.3,5.3,8.8,2.8,,18.0
2026-02-07,Cork,8.0,6.5,9.5,2.5,,10.4
2026-02-07,Dublin,7.2,4.7,8.5,1.7,,12.8
2026-02-07,Limerick,7.2,3.7,9.7,0.0,,8.0
2026-02-08,Cork,6.7,4.7,9.2,1.1,,8.8
2026-02-08,Dublin,5.9,1.8,9.5,0.0,,9.3
2026-02-08,Limerick,7.4,5.1,10.6,0.0,,11.5
2026-02-09,Cork,8.1,7.0,8.8,5.9,,20.7
2026-02-09,Dublin,6.3,-0.1,8.8,4.3,,14.3
2026-02-09,Limerick,8.2,6.1,10.2,1.2,,19.3
2026-02-10,Cork,8.3,6.9,9.6,9.5,,14.8
2026-02-10,Dublin,7.4,6.1,8.3,2.3,,12.2
2026-02-10,Limerick,8.0,6.9,8.9,4.7,,15.3
2026-02-11,Cork,8.2,6.8,9.3,3.2,,16.4
2026-02-11,Dublin,7.3,5.5,8.7,2.0,,12.9
2026-02-11,Limerick,7.8,6.2,9.0,1.8,,12.4
2026-02-12,Cork,6.5,5.4,8.6,0.0,,20.5
2026-02-12,Dublin,5.1,3.5,6.5,0.0,,19.6
2026-02-12,Limerick,6.3,4.7,8.7,0.0,,16.4
2026-02-13,Cork,3.4,0.4,6.5,0.0,,30.2
2026-02-13,Dublin,2.8,-1.6,5.1,0.7,,31.8
2026-02-13,Limerick,4.0,-0.2,6.4,0.0,,27.0
2026-02-14,Cork,2.4,-1.8,9.0,7.2,,18.7
2026-02-14,Dublin,1.6,-2.2,5.5,2.8,,15.8
2026-02-14,Limerick,1.5,-3.2,7.3,2.7,,21.1
2026-02-15,Cork,7.9,4.0,11.0,6.2,,23.0
2026-02-15,Dublin,7.3,4.8,9.8,3.1,,19.1
2026-02-15,Limerick,7.9,5.4,10.4,9.8,,21.8
2026-02-16,Cork,5.8,3.5,8.7,2.7,,27.5
2026-02-16,Dublin,4.5,1.2,8.2,0.0,,24.6
2026-02-16,Limerick,6.5,2.8,9.7,6.2,,22.1
2026-02-17,Cork,5.0,3.7,6.0,10.2,,22.5
2026-02-17,Dublin,2.3,-1.4,5.5,0.0,,18.9
2026-02-17,Limerick,3.4,-0.5,7.1,0.0,,20.5
2026-02-18,Cork,7.9,5.1,10.1,10.6,,15.3
2026-02-18,Dublin,4.7,3.7,5.5,7.8,,28.3
2026-02-18,Limerick,8.0,6.0,10.5,6.2,,20.9
2026-02-19,Cork,6.3,3.4,9.0,1.1,,19.8
2026-02-19,Dublin,5.3,3.9,7.3,0.5,,11.5
2026-02-19,Limerick,7.1,3.4,9.9,1.1,,18.3
2026-02-20,Cork,9.5,5.9,11.6,6.0,,28.2
2026-02-20,Dublin,8.4,5.3,11.2,3.7,,21.2
2026-02-20,Limerick,9.5,6.6,11.5,8.1,,25.7
2026-02-21,Cork,10.4,9.4,11.4,5.3,,26.5
2026-02-21,Dublin,10.8,8.1,12.6,2.6,,15.8
2026-02-21,Limerick,10.8,8.8,12.5,5.9,,17.5
2026-02-22,Cork,9.3,8.3,11.4,0.1,,25.0
2026-02-22,Dublin,9.7,8.0,11.7,0.5,,21.1
2026-02-22,Limerick,9.8,8.5,11.8,2.6,,23.3
2026-02-23,Cork,9.7,7.1,12.1,1.9,,22.9
2026-02-23,Dublin,10.1,8.0,12.8,0.3,,17.7
2026-02-23,Limerick,10.9,9.3,12.9,2.4,,21.5
2026-02-24,Cork,9.5,9.0,9.9,3.2,,27.1
2026-02-24,Dublin,10.9,9.9,11.8,0.0,,20.4
2026-02-24,Limerick,11.0,10.2,12.1,0.9,,25.1
2026-02-25,Cork,10.5,9.3,12.1,9.1,,17.7
2026-02-25,Dublin,11.7,10.2,13.6,4.2,,12.9
2026-02-25,Limerick,11.2,10.0,13.6,5.2,,11.2
2026-02-26,Cork,9.6,8.0,11.7,4.6,,22.9
2026-02-26,Dublin,10.5,9.6,11.8,0.7,,20.1
2026-02-26,Limerick,10.3,8.9,12.2,4.6,,20.1
2026-02-27,Cork,7.3,3.7,9.6,1.4,,17.0
2026-02-27,Dublin,7.9,4.6,10.1,0.0,,13.9
2026-02-27,Limerick,7.8,4.2,10.8,0.0,,11.3
2026-02-28,Cork,5.0,2.0,8.6,1.8,,13.9
2026-02-28,Dublin,5.6,1.3,9.2,0.0,,14.2
2026-02-28,Limerick,4.9,0.5,10.0,0.7,,13.0
2026-03-01,Cork,9.1,5.8,10.0,25.3,,31.8
2026-03-01,Dublin,10.5,6.5,12.8,3.7,,22.8
2026-03-01,Limerick,10.0,6.0,12.7,12.4,,28.4
2026-03-02,Cork,6.8,2.0,10.4,2.0,,14.2
2026-03-02,Dublin,8.0,3.1,11.3,1.5,,15.8
2026-03-02,Limerick,7.6,3.7,10.9,1.3,,17.5
2026-03-03,Cork,6.4,3.4,9.1,0.4,,19.0
2026-03-03,Dublin,3.6,-2.5,8.7,0.0,,13.1
2026-03-03,Limerick,5.8,-0.6,11.7,0.0,,8.8
2026-03-04,Cork,8.9,8.6,9.3,1.5,,15.7
2026-03-04,Dublin,10.2,7.2,13.0,0.0,,16.1
2026-03-04,Limerick,10.0,7.7,12.4,0.4,,16.2
2026-03-05,Cork,5.2,2.5,8.9,16.0,,26.2
2026-03-05,Dublin,6.4,2.0,10.8,8.9,,19.2
2026-03-05,Limerick,6.3,1.7,9.9,10.9,,16.5
2026-03-06,Cork,5.0,1.4,10.0,0.0,,12.4
2026-03-06,Dublin,3.4,-1.2,9.4,0.0,,13.6
2026-03-06,Limerick,5.4,0.0,11.4,0.0,,10.2
2026-03-07,Cork,7.3,4.1,9.7,0.0,,15.3
2026-03-07,Dublin,6.0,-1.7,11.2,0.0,,10.0
2026-03-07,Limerick,8.9,5.5,12.3,0.0,,21.1
2026-03-08,Cork,7.9,5.7,9.7,0.0,,18.9
2026-03-08,Dublin,7.5,2.2,11.4,0.0,,13.3
2026-03-08,Limerick,9.5,8.4,11.3,1.2,,21.0
2026-03-09,Cork,7.4,5.5,11.0,0.8,,16.2
2026-03-09,Dublin,8.7,6.4,11.1,0.2,,10.4
2026-03-09,Limerick,8.3,6.9,11.0,1.3,,14.5
2026-03-10,Cork,8.9,6.6,10.4,8.1,,27.2
2026-03-10,Dublin,9.5,6.2,12.7,2.2,,24.8
2026-03-10,Limerick,10.1,7.4,13.5,2.6,,27.3
2026-03-11,Cork,7.4,4.2,10.5,0.0,,25.2
2026-03-11,Dublin,8.0,5.6,10.5,0.0,,25.2
2026-03-11,Limerick,8.4,5.1,9.9,1.9,,29.9
2026-03-12,Cork,8.5,1.5,10.9,10.7,,42.0
2026-03-12,Dublin,8.1,3.7,12.3,5.5,,26.9
2026-03-12,Limerick,8.2,3.5,11.6,10.8,,34.4
2026-03-13,Cork,3.5,0.8,7.1,2.2,,23.8
2026-03-13,Dublin,3.7,1.6,6.1,2.1,,24.6
2026-03-13,Limerick,5.2,3.5,6.8,7.6,,26.0
2026-03-14,Cork,5.6,2.8,9.3,0.0,,12.8
2026-03-14,Dublin,5.7,2.0,9.8,0.2,,14.5
2026-03-14,Limerick,6.2,2.2,9.3,1.6,,13.0
2026-03-15,Cork,7.8,5.1,9.6,0.2,,26.6
2026-03-15,Dublin,7.0,4.2,9.0,2.5,,26.8
2026-03-15,Limerick,7.9,6.4,10.0,3.7,,30.9
2026-03-16,Cork,8.5,5.2,10.8,2.1,,28.9
2026-03-16,Dublin,8.5,4.5,11.8,1.4,,26.7
2026-03-16,Limerick,9.7,6.5,12.3,3.1,,29.2
2026-03-17,Cork,9.7,7.7,10.6,4.0,,29.5
2026-03-17,Dublin,11.5,9.9,12.9,0.0,,27.9
2026-03-17,Limerick,11.1,8.1,12.7,1.2,,26.3
2026-03-18,Cork,8.7,6.6,11.3,0.0,,13.5
2026-03-18,Dublin,8.9,5.9,11.7,0.0,,12.3
2026-03-18,Limerick,8.8,5.5,12.4,0.0,,10.7
2026-03-19,Cork,9.3,7.2,12.3,0.0,,18.9
2026-03-19,Dublin,7.5,4.7,10.8,0.0,,12.6
2026-03-19,Limerick,9.5,5.6,14.2,0.0,,13.1
2026-03-20,Cork,8.6,6.6,11.2,0.0,,18.4
2026-03-20,Dublin,7.3,3.6,11.2,0.0,,12.7
2026-03-20,Limerick,9.1,4.6,13.6,0.0,,11.9
2026-03-21,Cork,8.2,6.5,10.7,0.0,,17.4
2026-03-21,Dublin,7.4,4.4,11.0,0.0,,13.4
2026-03-21,Limerick,8.8,5.9,11.9,0.0,,12.7
2026-03-22,Cork,8.2,6.2,10.7,0.0,,18.2
2026-03-22,Dublin,7.8,4.7,11.1,0.0,,14.8
2026-03-22,Limerick,8.9,5.8,12.6,0.0,,12.7
2026-03-23,Cork,8.0,6.4,10.3,0.0,,19.2
2026-03-23,Dublin,7.1,4.4,10.3,0.0,,15.8
2026-03-23,Limerick,8.4,5.5,11.9,0.0,,14.4
2026-03-24,Cork,7.8,5.8,10.0,0.0,,17.1
2026-03-24,Dublin,7.1,4.5,9.8,0.0,,16.8
2026-03-24,Limerick,8.6,5.9,11.9,0.0,,16.1
